,items,has_more,quota_max,quota_remaining
0,"{'aliases': ['http://www.stackoverflow.com', 'http://facebook.stackoverflow.com'], 'styling': {'tag_background_color': '#E0EAF1', 'tag_foreground_color': '#3E6D8E', 'link_color': '#0077CC'}, 'related_sites': [{'relation': 'meta', 'api_site_parameter': 'meta.stackoverflow', 'site_url': 'https://meta.stackoverflow.com', 'name': 'Meta Stack Overflow'}, {'relation': 'chat', 'site_url': 'https://chat.stackoverflow.com', 'name': 'Stack Overflow Chat'}], 'markdown_extensions': ['Prettify'], 'launch_date': 1221436800, 'open_beta_date': 1217462400, 'site_state': 'normal', 'high_resolution_icon_url': 'https://cdn.sstatic.net/Sites/stackoverflow/Img/apple-touch-icon@2.png', 'favicon_url': 'https://cdn.sstatic.net/Sites/stackoverflow/Img/favicon.ico', 'icon_url': 'https://cdn.sstatic.net/Sites/stackoverflow/Img/apple-touch-icon.png', 'audience': 'professional and enthusiast programmers', 'site_url': 'https://stackoverflow.com', 'api_site_parameter': 'stackoverflow', 'logo_url': 'https://cdn.sstatic.net/Sites/stackoverflow/Img/logo.png', 'name': 'Stack Overflow', 'site_type': 'main_site'}",True,300,62
1,"{'styling': {'tag_background_color': '#F3F1D9', 'tag_foreground_color': '#444444', 'link_color': '#10456A'}, 'related_sites': [{'relation': 'meta', 'api_site_parameter': 'meta.serverfault', 'site_url': 'https://meta.serverfault.com', 'name': 'Meta Server Fault'}, {'relation': 'chat', 'site_url': 'https://chat.stackexchange.com?tab=site&host=serverfault.com', 'name': 'Chat Stack Exchange'}], 'markdown_extensions': ['Prettify'], 'launch_date': 1243296000, 'open_beta_date': 1241049600, 'site_state': 'normal', 'high_resolution_icon_url': 'https://cdn.sstatic.net/Sites/serverfault/Img/apple-touch-icon@2.png', 'twitter_account': 'ServerFault', 'favicon_url': 'https://cdn.sstatic.net/Sites/serverfault/Img/favicon.ico', 'icon_url': 'https://cdn.sstatic.net/Sites/serverfault/Img/apple-touch-icon.png', 'audience': 'system and network administrators', 'site_url': 'https://serverfault.com', 'api_site_parameter': 'serverfault', 'logo_url': 'https://cdn.sstatic.net/Sites/serverfault/Img/logo.png', 'name': 'Server Fault', 'site_type': 'main_site'}",True,300,62
2,"{'styling': {'tag_background_color': '#FFFFFF', 'tag_foreground_color': '#1087A4', 'link_color': '#1086A4'}, 'related_sites': [{'relation': 'meta', 'api_site_parameter': 'meta.superuser', 'site_url': 'https://meta.superuser.com', 'name': 'Meta Super User'}, {'relation': 'chat', 'site_url': 'https://chat.stackexchange.com?tab=site&host=superuser.com', 'name': 'Chat Stack Exchange'}], 'markdown_extensions': ['Prettify'], 'launch_date': 1250553600, 'open_beta_date': 1247529600, 'site_state': 'normal', 'high_resolution_icon_url': 'https://cdn.sstatic.net/Sites/superuser/Img/apple-touch-icon@2.png', 'twitter_account': 'super_user', 'favicon_url': 'https://cdn.sstatic.net/Sites/superuser/Img/favicon.ico', 'icon_url': 'https://cdn.sstatic.net/Sites/superuser/Img/apple-touch-icon.png', 'audience': 'computer enthusiasts and power users', 'site_url': 'https://superuser.com', 'api_site_parameter': 'superuser', 'logo_url': 'https://cdn.sstatic.net/Sites/superuser/Img/logo.png', 'name': 'Super User', 'site_type': 'main_site'}",True,300,62
3,"{'styling': {'tag_background_color': '#F7FDFF', 'tag_foreground_color': '#566E76', 'link_color': '#4E82C2'}, 'related_sites': [{'relation': 'chat', 'site_url': 'https://chat.meta.stackexchange.com', 'name': 'Meta Stack Exchange Chat'}], 'markdown_extensions': ['Prettify'], 'launch_date': 1246147200, 'open_beta_date': 1246147200, 'site_state': 'normal', 'high_resolution_icon_url': 'https://meta.stackexchange.com/Content/Sites/stackexchangemeta/Img/apple-touch-icon@2.png', 'favicon_url': 'https://meta.stackexchange.com/Content/Sites/stackexchangemeta/Img/favicon.ico', 'icon_url': 'https://meta.stackexchange.com/Content/Sites/stackexchangemeta/Img/apple-touch-icon.png', 'audience': 'meta-discussion of the Stack Exchange family of Q&amp;A websites', 'site_url': 'https://meta.stackexchange.com', 'api_site_parameter': 'meta', 'logo_url': 'https://meta.stackexchange.com/Content/Sites/stackexchangemeta/Img/logo.png', 'name': 'Meta Stack Exchange', 'site_type': 'main_site'}",True,300,62
4,"{'aliases': ['http://nothingtoinstall.com'], 'styling': {'tag_background_color': '#E2EDFA', 'tag_foreground_color': '#5D7A9C', 'link_color': '#426389'}, 'related_sites': [{'relation': 'meta', 'api_site_parameter': 'webapps.meta', 'site_url': 'https://webapps.meta.stackexchange.com', 'name': 'Web Applications Meta Stack Exchange'}, {'relation': 'chat', 'site_url': 'https://chat.stackexchange.com?tab=site&host=webapps.stackexchange.com', 'name': 'Chat Stack Exchange'}], 'launch_date': 1285874037, 'open_beta_date': 1278529200, 'closed_beta_date': 1277924400, 'site_state': 'normal', 'high_resolution_icon_url': 'https://cdn.sstatic.net/Sites/webapps/Img/apple-touch-icon@2.png', 'twitter_account': 'StackWebApps', 'favicon_url': 'https://cdn.sstatic.net/Sites/webapps/Img/favicon.ico', 'icon_url': 'https://cdn.sstatic.net/Sites/webapps/Img/apple-touch-icon.png', 'audience': 'power users of web applications', 'site_url': 'https://webapps.stackexchange.com', 'api_site_parameter': 'webapps', 'logo_url': 'https://cdn.sstatic.net/Sites/webapps/Img/logo.png', 'name': 'Web Applications', 'site_type': 'main_site'}",True,300,62
5,"{'aliases': ['http://meta.nothingtoinstall.com', 'http://meta.webapps.stackexchange.com'], 'styling': {'tag_background_color': '#EBEBEB', 'tag_foreground_color': '#666', 'link_color': '#333C43'}, 'related_sites': [{'relation': 'parent', 'api_site_parameter': 'webapps', 'site_url': 'https://webapps.stackexchange.com', 'name': 'Web Applications Stack Exchange'}, {'relation': 'chat', 'site_url': 'https://chat.stackexchange.com?tab=site&host=webapps.stackexchange.com', 'name': 'Chat Stack Exchange'}], 'open_beta_date': 1311274880, 'site_state': 'linked_meta', 'high_resolution_icon_url': 'https://cdn.sstatic.net/Sites/webappsmeta/Img/apple-touch-icon@2.png', 'favicon_url': 'https://cdn.sstatic.net/Sites/webappsmeta/Img/favicon.ico', 'icon_url': 'https://cdn.sstatic.net/Sites/webappsmeta/Img/apple-touch-icon.png', 'audience': 'power users of web applications', 'site_url': 'https://webapps.meta.stackexchange.com', 'api_site_parameter': 'webapps.meta', 'logo_url': 'https://cdn.sstatic.net/Sites/webappsmeta/Img/logo.png', 'name': 'Web Applications Meta', 'site_type': 'meta_site'}",True,300,62
6,"{'aliases': ['http://arqade.com', 'http://thearqade.com'], 'styling': {'tag_background_color': '#FFF', 'tag_foreground_color': '#666', 'link_color': '#5A8F53'}, 'related_sites': [{'relation': 'meta', 'api_site_parameter': 'gaming.meta', 'site_url': 'https://gaming.meta.stackexchange.com', 'name': 'Arqade Meta'}, {'relation': 'chat', 'site_url': 'https://chat.stackexchange.com?tab=site&host=gaming.stackexchange.com', 'name': 'Chat Stack Exchange'}], 'launch_date': 1286391600, 'open_beta_date': 1279134000, 'closed_beta_date': 1278529200, 'site_state': 'normal', 'high_resolution_icon_url': 'https://cdn.sstatic.net/Sites/gaming/Img/apple-touch-icon@2.png', 'twitter_account': 'TheArqade', 'favicon_url': 'https://cdn.sstatic.net/Sites/gaming/Img/favicon.ico', 'icon_url': 'https://cdn.sstatic.net/Sites/gaming/Img/apple-touch-icon.png', 'audience': 'passionate videogamers on all platforms', 'site_url': 'https://gaming.stackexchange.com', 'api_site_parameter': 'gaming', 'logo_url': 'https://cdn.sstatic.net/Sites/gaming/Img/logo.png', 'name': 'Arqade', 'site_type': 'main_site'}",True,300,62
7,"{'aliases': ['http://meta.arqade.com', 'http://meta.thearqade.com', 'http://meta.gaming.stackexchange.com'], 'styling': {'tag_background_color': '#FFF', 'tag_foreground_color': '#666', 'link_color': '#666666'}, 'related_sites': [{'relation': 'parent', 'api_site_parameter': 'gaming', 'site_url': 'https://gaming.stackexchange.com', 'name': 'Arqade'}, {'relation': 'chat', 'site_url': 'https://chat.stackexchange.com?tab=site&host=gaming.stackexchange.com', 'name': 'Chat Stack Exchange'}], 'open_beta_date': 1315582136, 'site_state': 'linked_meta', 'high_resolution_icon_url': 'https://cdn.sstatic.net/Sites/gamingmeta/Img/apple-touch-icon@2.png', 'favicon_url': 'https://cdn.sstatic.net/Sites/gamingmeta/Img/favicon.ico', 'icon_url': 'https://cdn.sstatic.net/Sites/gamingmeta/Img/apple-touch-icon.png', 'audience': 'passionate videogamers on all platforms', 'site_url': 'https://gaming.meta.stackexchange.com', 'api_site_parameter': 'gaming.meta', 'logo_url': 'https://cdn.sstatic.net/Sites/gamingmeta/Img/logo.png', 'name': 'Arqade Meta', 'site_type': 'meta_site'}",True,300,62
8,"{'aliases': ['http://webmaster.stackexchange.com'], 'styling': {'tag_background_color': '#FFF', 'tag_foreground_color': '#1B8FBB', 'link_color': '#1C69A4'}, 'related_sites': [{'relation': 'meta', 'api_site_parameter': 'webmasters.meta', 'site_url': 'https://webmasters.meta.stackexchange.com', 'name': 'Webmasters Meta Stack Exchange'}, {'relation': 'chat', 'site_url': 'https://chat.stackexchange.com?tab=site&host=webmasters.stackexchange.com', 'name': 'Chat Stack Exchange'}], 'markdown_extensions': ['Prettify'], 'launch_date': 1286997420, 'open_beta_date': 1279220400, 'closed_beta_date': 1278615600, 'site_state': 'normal', 'high_resolution_icon_url': 'https://cdn.sstatic.net/Sites/webmasters/Img/apple-touch-icon@2.png', 'twitter_account': 'StackWebmasters', 'favicon_url': 'https://cdn.sstatic.net/Sites/webmasters/Img/favicon.ico', 'icon_url': 'https://cdn.sstatic.net/Sites/webmasters/Img/apple-touch-icon.png', 'audience': 'pro webmasters', 'site_url': 'https://webmasters.stackexchange.com', 'api_site_parameter': 'webmasters', 'logo_url': 'https://cdn.sstatic.net/Sites/webmasters/Img/logo.png', 'name': 'Webmasters', 'site_type': 'main_site'}",True,300,62
9,"{'aliases': ['http://meta.webmaster.stackexchange.com', 'http://meta.webmasters.stackexchange.com'], 'styling': {'tag_background_color': '#FFF', 'tag_foreground_color': '#666666', 'link_color': '#3D3D3D'}, 'related_sites': [{'relation': 'parent', 'api_site_parameter': 'webmasters', 'site_url': 'https://webmasters.stackexchange.com', 'name': 'Webmasters Stack Exchange'}, {'relation': 'chat', 'site_url': 'https://chat.stackexchange.com?tab=site&host=webmasters.stackexchange.com', 'name': 'Chat Stack Exchange'}], 'markdown_extensions': ['Prettify'], 'site_state': 'linked_meta', 'high_resolution_icon_url': 'https://cdn.sstatic.net/Sites/webmastersmeta/Img/apple-touch-icon@2.png', 'favicon_url': 'https://cdn.sstatic.net/Sites/webmastersmeta/Img/favicon.ico', 'icon_url': 'https://cdn.sstatic.net/Sites/webmastersmeta/Img/apple-touch-icon.png', 'audience': 'pro webmasters', 'site_url': 'https://webmasters.meta.stackexchange.com', 'api_site_parameter': 'webmasters.meta', 'logo_url': 'https://cdn.sstatic.net/Sites/webmastersmeta/Img/logo.png', 'name': 'Webmasters Meta', 'site_type': 'meta_site'}",True,300,62
10,"{'aliases': ['http://seasonedadvice.com'], 'styling': {'tag_background_color': '#FFF5E4', 'tag_foreground_color': '#847454', 'link_color': '#AB2020'}, 'related_sites': [{'relation': 'meta', 'api_site_parameter': 'cooking.meta', 'site_url': 'https://cooking.meta.stackexchange.com', 'name': 'Seasoned Advice Meta'}, {'relation': 'chat', 'site_url': 'https://chat.stackexchange.com?tab=site&host=cooking.stackexchange.com', 'name': 'Chat Stack Exchange'}], 'launch_date': 1287084715, 'open_beta_date': 1279306800, 'closed_beta_date': 1278702000, 'site_state': 'normal', 'high_resolution_icon_url': 'https://cdn.sstatic.net/Sites/cooking/Img/apple-touch-icon@2.png', 'twitter_account': 'StackCooking', 'favicon_url': 'https://cdn.sstatic.net/Sites/cooking/Img/favicon.ico', 'icon_url': 'https://cdn.sstatic.net/Sites/cooking/Img/apple-touch-icon.png', 'audience': 'professional and amateur chefs', 'site_url': 'https://cooking.stackexchange.com', 'api_site_parameter': 'cooking', 'logo_url': 'https://cdn.sstatic.net/Sites/cooking/Img/logo.png', 'name': 'Seasoned Advice', 'site_type': 'main_site'}",True,300,62
11,"{'aliases': ['http://meta.seasonedadvice.com', 'http://meta.cooking.stackexchange.com'], 'styling': {'tag_background_color': '#FFF', 'tag_foreground_color': '#666666', 'link_color': '#3D3D3D'}, 'related_sites': [{'relation': 'parent', 'api_site_parameter': 'cooking', 'site_url': 'https://cooking.stackexchange.com', 'name': 'Seasoned Advice'}, {'relation': 'chat', 'site_url': 'https://chat.stackexchange.com?tab=site&host=cooking.stackexchange.com', 'name': 'Chat Stack Exchange'}], 'site_state': 'linked_meta', 'high_resolution_icon_url': 'https://cdn.sstatic.net/Sites/cookingmeta/Img/apple-touch-icon@2.png', 'favicon_url': 'https://cdn.sstatic.net/Sites/cookingmeta/Img/favicon.ico', 'icon_url': 'https://cdn.sstatic.net/Sites/cookingmeta/Img/apple-touch-icon.png', 'audience': 'professional and amateur chefs', 'site_url': 'https://cooking.meta.stackexchange.com', 'api_site_parameter': 'cooking.meta', 'logo_url': 'https://cdn.sstatic.net/Sites/cookingmeta/Img/logo.png', 'name': 'Seasoned Advice Meta', 'site_type': 'meta_site'}",True,300,62
12,"{'styling': {'tag_background_color': '#eeeeee', 'tag_foreground_color': '#444444', 'link_color': '#416D63'}, 'related_sites': [{'relation': 'meta', 'api_site_parameter': 'gamedev.meta', 'site_url': 'https://gamedev.meta.stackexchange.com', 'name': 'Game Development Meta Stack Exchange'}, {'relation': 'chat', 'site_url': 'https://chat.stackexchange.com?tab=site&host=gamedev.stackexchange.com', 'name': 'Chat Stack Exchange'}], 'markdown_extensions': ['MathJax', 'Prettify'], 'launch_date': 1287695708, 'open_beta_date': 1279738800, 'closed_beta_date': 1279134000, 'site_state': 'normal', 'high_resolution_icon_url': 'https://cdn.sstatic.net/Sites/gamedev/Img/apple-touch-icon@2.png', 'twitter_account': 'StackGameDev', 'favicon_url': 'https://cdn.sstatic.net/Sites/gamedev/Img/favicon.ico', 'icon_url': 'https://cdn.sstatic.net/Sites/gamedev/Img/apple-touch-icon.png', 'audience': 'professional and independent game developers', 'site_url': 'https://gamedev.stackexchange.com', 'api_site_parameter': 'gamedev', 'logo_url': 'https://cdn.sstatic.net/Sites/gamedev/Img/logo.png', 'name': 'Game Development', 'site_type': 'main_site'}",True,300,62
13,"{'aliases': ['http://meta.gamedev.stackexchange.com'], 'styling': {'tag_background_color': '#FFF', 'tag_foreground_color': '#666666', 'link_color': '#3D3D3D'}, 'related_sites': [{'relation': 'parent', 'api_site_parameter': 'gamedev', 'site_url': 'https://gamedev.stackexchange.com', 'name': 'Game Development Stack Exchange'}, {'relation': 'chat', 'site_url': 'https://chat.stackexchange.com?tab=site&host=gamedev.stackexchange.com', 'name': 'Chat Stack Exchange'}], 'markdown_extensions': ['MathJax'], 'site_state': 'linked_meta', 'high_resolution_icon_url': 'https://cdn.sstatic.net/Sites/gamedevmeta/Img/apple-touch-icon@2.png', 'favicon_url': 'https://cdn.sstatic.net/Sites/gamedevmeta/Img/favicon.ico', 'icon_url': 'https://cdn.sstatic.net/Sites/gamedevmeta/Img/apple-touch-icon.png', 'audience': 'professional and independent game developers', 'site_url': 'https://gamedev.meta.stackexchange.com', 'api_site_parameter': 'gamedev.meta', 'logo_url': 'https://cdn.sstatic.net/Sites/gamedevmeta/Img/logo.png', 'name': 'Game Development Meta', 'site_type': 'meta_site'}",True,300,62
14,"{'aliases': ['http://photography.stackexchange.com', 'http://photos.stackexchange.com'], 'styling': {'tag_background_color': '#F7F7F7', 'tag_foreground_color': '#444', 'link_color': '#0077CC'}, 'related_sites': [{'relation': 'meta', 'api_site_parameter': 'photo.meta', 'site_url': 'https://photo.meta.stackexchange.com', 'name': 'Photography Meta Stack Exchange'}, {'relation': 'chat', 'site_url': 'https://chat.stackexchange.com?tab=site&host=photo.stackexchange.com', 'name': 'Chat Stack Exchange'}], 'launch_date': 1288296279, 'open_beta_date': 1279825200, 'closed_beta_date': 1279220400, 'site_state': 'normal', 'high_resolution_icon_url': 'https://cdn.sstatic.net/Sites/photo/Img/apple-touch-icon@2.png', 'twitter_account': 'StackPhotos', 'favicon_url': 'https://cdn.sstatic.net/Sites/photo/Img/favicon.ico', 'icon_url': 'https://cdn.sstatic.net/Sites/photo/Img/apple-touch-icon.png', 'audience': 'professional, enthusiast and amateur photographers', 'site_url': 'https://photo.stackexchange.com', 'api_site_parameter': 'photo', 'logo_url': 'https://cdn.sstatic.net/Sites/photo/Img/logo.png', 'name': 'Photography', 'site_type': 'main_site'}",True,300,62
15,"{'aliases': ['http://meta.photography.stackexchange.com', 'http://meta.photos.stackexchange.com', 'http://meta.photo.stackexchange.com'], 'styling': {'tag_background_color': '#FFF', 'tag_foreground_color': '#666666', 'link_color': '#3D3D3D'}, 'related_sites': [{'relation': 'parent', 'api_site_parameter': 'photo', 'site_url': 'https://photo.stackexchange.com', 'name': 'Photography Stack Exchange'}, {'relation': 'chat', 'site_url': 'https://chat.stackexchange.com?tab=site&host=photo.stackexchange.com', 'name': 'Chat Stack Exchange'}], 'site_state': 'linked_meta', 'high_resolution_icon_url': 'https://cdn.sstatic.net/Sites/photometa/Img/apple-touch-icon@2.png', 'favicon_url': 'https://cdn.sstatic.net/Sites/photometa/Img/favicon.ico', 'icon_url': 'https://cdn.sstatic.net/Sites/photometa/Img/apple-touch-icon.png', 'audience': 'professional, enthusiast and amateur photographers', 'site_url': 'https://photo.meta.stackexchange.com', 'api_site_parameter': 'photo.meta', 'logo_url': 'https://cdn.sstatic.net/Sites/photometa/Img/logo.png', 'name': 'Photography Meta', 'site_type': 'meta_site'}",True,300,62
16,"{'aliases': ['http://statistics.stackexchange.com', 'http://crossvalidated.com'], 'styling': {'tag_background_color': '#edefed', 'tag_foreground_color': '#5D5D5D', 'link_color': '#0077CC'}, 'related_sites': [{'relation': 'meta', 'api_site_parameter': 'stats.meta', 'site_url': 'https://stats.meta.stackexchange.com', 'name': 'Cross Validated Meta'}, {'relation': 'chat', 'site_url': 'https://chat.stackexchange.com?tab=site&host=stats.stackexchange.com', 'name': 'Chat Stack Exchange'}], 'markdown_extensions': ['MathJax', 'Prettify'], 'launch_date': 1288900046, 'open_beta_date': 1280170800, 'closed_beta_date': 1279566000, 'site_state': 'normal', 'high_resolution_icon_url': 'https://cdn.sstatic.net/Sites/stats/Img/apple-touch-icon@2.png', 'twitter_account': 'StackStats', 'favicon_url': 'https://cdn.sstatic.net/Sites/stats/Img/favicon.ico', 'icon_url': 'https://cdn.sstatic.net/Sites/stats/Img/apple-touch-icon.png', 'audience': 'people interested in statistics, machine learning, data analysis, data mining, and data visualization', 'site_url': 'https://stats.stackexchange.com', 'api_site_parameter': 'stats', 'logo_url': 'https://cdn.sstatic.net/Sites/stats/Img/logo.png', 'name': 'Cross Validated', 'site_type': 'main_site'}",True,300,62
17,"{'aliases': ['http://meta.statistics.stackexchange.com', 'http://meta.stats.stackexchange.com'], 'styling': {'tag_background_color': '#FFF', 'tag_foreground_color': '#666666', 'link_color': '#3D3D3D'}, 'related_sites': [{'relation': 'parent', 'api_site_parameter': 'stats', 'site_url': 'https://stats.stackexchange.com', 'name': 'Cross Validated'}, {'relation': 'chat', 'site_url': 'https://chat.stackexchange.com?tab=site&host=stats.stackexchange.com', 'name': 'Chat Stack Exchange'}], 'markdown_extensions': ['MathJax'], 'site_state': 'linked_meta', 'high_resolution_icon_url': 'https://cdn.sstatic.net/Sites/statsmeta/Img/apple-touch-icon@2.png', 'favicon_url': 'https://cdn.sstatic.net/Sites/statsmeta/Img/favicon.ico', 'icon_url': 'https://cdn.sstatic.net/Sites/statsmeta/Img/apple-touch-icon.png', 'audience': 'people interested in statistics, machine learning, data analysis, data mining, and data visualization', 'site_url': 'https://stats.meta.stackexchange.com', 'api_site_parameter': 'stats.meta', 'logo_url': 'https://cdn.sstatic.net/Sites/statsmeta/Img/logo.png', 'name': 'Cross Validated Meta', 'site_type': 'meta_site'}",True,300,62
18,"{'aliases': ['http://maths.stackexchange.com', 'http://mathematics.stackexchange.com'], 'styling': {'tag_background_color': '#888888', 'tag_foreground_color': '#000', 'link_color': '#0077CC'}, 'related_sites': [{'relation': 'meta', 'api_site_parameter': 'math.meta', 'site_url': 'https://math.meta.stackexchange.com', 'name': 'Mathematics Meta Stack Exchange'}, {'relation': 'chat', 'site_url': 'https://chat.stackexchange.com?tab=site&host=math.stackexchange.com', 'name': 'Chat Stack Exchange'}], 'markdown_extensions': ['MathJax'], 'launch_date': 1288038715, 'open_beta_date': 1280257200, 'closed_beta_date': 1279652400, 'site_state': 'normal', 'high_resolution_icon_url': 'https://cdn.sstatic.net/Sites/math/Img/apple-touch-icon@2.png', 'twitter_account': 'StackMath', 'favicon_url': 'https://cdn.sstatic.net/Sites/math/Img/favicon.ico', 'icon_url': 'https://cdn.sstatic.net/Sites/math/Img/apple-touch-icon.png', 'audience': 'people studying math at any level and professionals in related fields', 'site_url': 'https://math.stackexchange.com', 'api_site_parameter': 'math', 'logo_url': 'https://cdn.sstatic.net/Sites/math/Img/logo.png', 'name': 'Mathematics', 'site_type': 'main_site'}",True,300,62
19,"{'aliases': ['http://meta.math.stackexchange.com'], 'styling': {'tag_background_color': '#FFF', 'tag_foreground_color': '#666666', 'link_color': '#3D3D3D'}, 'related_sites': [{'relation': 'parent', 'api_site_parameter': 'math', 'site_url': 'https://math.stackexchange.com', 'name': 'Mathematics Stack Exchange'}, {'relation': 'chat', 'site_url': 'https://chat.stackexchange.com?tab=site&host=math.stackexchange.com', 'name': 'Chat Stack Exchange'}], 'markdown_extensions': ['MathJax'], 'site_state': 'linked_meta', 'high_resolution_icon_url': 'https://cdn.sstatic.net/Sites/mathmeta/Img/apple-touch-icon@2.png', 'favicon_url': 'https://cdn.sstatic.net/Sites/mathmeta/Img/favicon.ico', 'icon_url': 'https://cdn.sstatic.net/Sites/mathmeta/Img/apple-touch-icon.png', 'audience': 'people studying math at any level and professionals in related fields', 'site_url': 'https://math.meta.stackexchange.com', 'api_site_parameter': 'math.meta', 'logo_url': 'https://cdn.sstatic.net/Sites/mathmeta/Img/logo.png', 'name': 'Mathematics Meta', 'site_type': 'meta_site'}",True,300,62
20,"{'styling': {'tag_background_color': '#f5f5f5', 'tag_foreground_color': '#696969', 'link_color': '#0077CC'}, 'related_sites': [{'relation': 'meta', 'api_site_parameter': 'diy.meta', 'site_url': 'https://diy.meta.stackexchange.com', 'name': 'Home Improvement Meta Stack Exchange'}, {'relation': 'chat', 'site_url': 'https://chat.stackexchange.com?tab=site&host=diy.stackexchange.com', 'name': 'Chat Stack Exchange'}], 'launch_date': 1299184860, 'open_beta_date': 1280343600, 'closed_beta_date': 1279738800, 'site_state': 'normal', 'high_resolution_icon_url': 'https://cdn.sstatic.net/Sites/diy/Img/apple-touch-icon@2.png', 'twitter_account': 'StackDIY', 'favicon_url': 'https://cdn.sstatic.net/Sites/diy/Img/favicon.ico', 'icon_url': 'https://cdn.sstatic.net/Sites/diy/Img/apple-touch-icon.png', 'audience': 'contractors and serious DIYers', 'site_url': 'https://diy.stackexchange.com', 'api_site_parameter': 'diy', 'logo_url': 'https://cdn.sstatic.net/Sites/diy/Img/logo.png', 'name': 'Home Improvement', 'site_type': 'main_site'}",True,300,62
21,"{'aliases': ['http://meta.diy.stackexchange.com'], 'styling': {'tag_background_color': '#FFF', 'tag_foreground_color': '#666666', 'link_color': '#3D3D3D'}, 'related_sites': [{'relation': 'parent', 'api_site_parameter': 'diy', 'site_url': 'https://diy.stackexchange.com', 'name': 'Home Improvement Stack Exchange'}, {'relation': 'chat', 'site_url': 'https://chat.stackexchange.com?tab=site&host=diy.stackexchange.com', 'name': 'Chat Stack Exchange'}], 'site_state': 'linked_meta', 'high_resolution_icon_url': 'https://cdn.sstatic.net/Sites/diymeta/Img/apple-touch-icon@2.png', 'favicon_url': 'https://cdn.sstatic.net/Sites/diymeta/Img/favicon.ico', 'icon_url': 'https://cdn.sstatic.net/Sites/diymeta/Img/apple-touch-icon.png', 'audience': 'contractors and serious DIYers', 'site_url': 'https://diy.meta.stackexchange.com', 'api_site_parameter': 'diy.meta', 'logo_url': 'https://cdn.sstatic.net/Sites/diymeta/Img/logo.png', 'name': 'Home Improvement Meta', 'site_type': 'meta_site'}",True,300,62
22,"{'styling': {'tag_background_color': '#FFF', 'tag_foreground_color': '#000', 'link_color': '#0077CC'}, 'related_sites': [{'relation': 'parent', 'api_site_parameter': 'superuser', 'site_url': 'https://superuser.com', 'name': 'Super User'}, {'relation': 'chat', 'site_url': 'https://chat.stackexchange.com?tab=site&host=superuser.com', 'name': 'Chat Stack Exchange'}], 'markdown_extensions': ['Prettify'], 'site_state': 'linked_meta', 'high_resolution_icon_url': 'https://cdn.sstatic.net/Sites/superusermeta/Img/apple-touch-icon@2.png', 'favicon_url': 'https://cdn.sstatic.net/Sites/superusermeta/Img/favicon.ico', 'icon_url': 'https://cdn.sstatic.net/Sites/superusermeta/Img/apple-touch-icon.png', 'audience': 'computer enthusiasts and power users', 'site_url': 'https://meta.superuser.com', 'api_site_parameter': 'meta.superuser', 'logo_url': 'https://cdn.sstatic.net/Sites/superusermeta/Img/logo.png', 'name': 'Meta Super User', 'site_type': 'meta_site'}",True,300,62
23,"{'styling': {'tag_background_color': '#FFF', 'tag_foreground_color': '#000', 'link_color': '#0077CC'}, 'related_sites': [{'relation': 'parent', 'api_site_parameter': 'serverfault', 'site_url': 'https://serverfault.com', 'name': 'Server Fault'}, {'relation': 'chat', 'site_url': 'https://chat.stackexchange.com?tab=site&host=serverfault.com', 'name': 'Chat Stack Exchange'}], 'site_state': 'linked_meta', 'high_resolution_icon_url': 'https://cdn.sstatic.net/Sites/serverfaultmeta/Img/apple-touch-icon@2.png', 'favicon_url': 'https://cdn.sstatic.net/Sites/serverfaultmeta/Img/favicon.ico', 'icon_url': 'https://cdn.sstatic.net/Sites/serverfaultmeta/Img/apple-touch-icon.png', 'audience': 'system and network administrators', 'site_url': 'https://meta.serverfault.com', 'api_site_parameter': 'meta.serverfault', 'logo_url': 'https://cdn.sstatic.net/Sites/serverfaultmeta/Img/logo.png', 'name': 'Meta Server Fault', 'site_type': 'meta_site'}",True,300,62
24,"{'styling': {'tag_background_color': '#f5f5f5', 'tag_foreground_color': '#696969', 'link_color': '#176F8C'}, 'related_sites': [{'relation': 'meta', 'api_site_parameter': 'gis.meta', 'site_url': 'https://gis.meta.stackexchange.com', 'name': 'Geographic Information Systems Meta Stack Exchange'}, {'relation': 'chat', 'site_url': 'https://chat.stackexchange.com?tab=site&host=gis.stackexchange.com', 'name': 'Chat Stack Exchange'}], 'markdown_extensions': ['Prettify'], 'launch_date': 1299486043, 'open_beta_date': 1280430000, 'closed_beta_date': 1279825200, 'site_state': 'normal', 'high_resolution_icon_url': 'https://cdn.sstatic.net/Sites/gis/Img/apple-touch-icon@2.png', 'twitter_account': 'StackGIS', 'favicon_url': 'https://cdn.sstatic.net/Sites/gis/Img/favicon.ico', 'icon_url': 'https://cdn.sstatic.net/Sites/gis/Img/apple-touch-icon.png', 'audience': 'cartographers, geographers and GIS professionals', 'site_url': 'https://gis.stackexchange.com', 'api_site_parameter': 'gis', 'logo_url': 'https://cdn.sstatic.net/Sites/gis/Img/logo.png', 'name': 'Geographic Information Systems', 'site_type': 'main_site'}",True,300,62
25,"{'aliases': ['http://meta.gis.stackexchange.com'], 'styling': {'tag_background_color': '#FFF', 'tag_foreground_color': '#666666', 'link_color': '#3D3D3D'}, 'related_sites': [{'relation': 'parent', 'api_site_parameter': 'gis', 'site_url': 'https://gis.stackexchange.com', 'name': 'Geographic Information Systems Stack Exchange'}, {'relation': 'chat', 'site_url': 'https://chat.stackexchange.com?tab=site&host=gis.stackexchange.com', 'name': 'Chat Stack Exchange'}], 'site_state': 'linked_meta', 'high_resolution_icon_url': 'https://cdn.sstatic.net/Sites/gismeta/Img/apple-touch-icon@2.png', 'favicon_url': 'https://cdn.sstatic.net/Sites/gismeta/Img/favicon.ico', 'icon_url': 'https://cdn.sstatic.net/Sites/gismeta/Img/apple-touch-icon.png', 'audience': 'cartographers, geographers and GIS professionals', 'site_url': 'https://gis.meta.stackexchange.com', 'api_site_parameter': 'gis.meta', 'logo_url': 'https://cdn.sstatic.net/Sites/gismeta/Img/logo.png', 'name': 'Geographic Information Systems Meta', 'site_type': 'meta_site'}",True,300,62
26,"{'styling': {'tag_background_color': '#FEFEFA', 'tag_foreground_color': '#444444', 'link_color': '#0077CC'}, 'related_sites': [{'relation': 'meta', 'api_site_parameter': 'tex.meta', 'site_url': 'https://tex.meta.stackexchange.com', 'name': 'TeX - LaTeX Meta Stack Exchange'}, {'relation': 'chat', 'site_url': 'https://chat.stackexchange.com?tab=site&host=tex.stackexchange.com', 'name': 'Chat Stack Exchange'}], 'markdown_extensions': ['Prettify'], 'launch_date': 1289510398, 'open_beta_date': 1280775600, 'closed_beta_date': 1280170800, 'site_state': 'normal', 'high_resolution_icon_url': 'https://cdn.sstatic.net/Sites/tex/Img/apple-touch-icon@2.png', 'twitter_account': 'StackTeX', 'favicon_url': 'https://cdn.sstatic.net/Sites/tex/Img/favicon.ico', 'icon_url': 'https://cdn.sstatic.net/Sites/tex/Img/apple-touch-icon.png', 'audience': 'users of TeX, LaTeX, ConTeXt, and related typesetting systems', 'site_url': 'https://tex.stackexchange.com', 'api_site_parameter': 'tex', 'logo_url': 'https://cdn.sstatic.net/Sites/tex/Img/logo.png', 'name': 'TeX - LaTeX', 'site_type': 'main_site'}",True,300,62
27,"{'aliases': ['http://meta.tex.stackexchange.com'], 'styling': {'tag_background_color': '#FFF', 'tag_foreground_color': '#666666', 'link_color': '#3D3D3D'}, 'related_sites': [{'relation': 'parent', 'api_site_parameter': 'tex', 'site_url': 'https://tex.stackexchange.com', 'name': 'TeX - LaTeX Stack Exchange'}, {'relation': 'chat', 'site_url': 'https://chat.stackexchange.com?tab=site&host=tex.stackexchange.com', 'name': 'Chat Stack Exchange'}], 'markdown_extensions': ['Prettify'], 'site_state': 'linked_meta', 'high_resolution_icon_url': 'https://cdn.sstatic.net/Sites/texmeta/Img/apple-touch-icon@2.png', 'favicon_url': 'https://cdn.sstatic.net/Sites/texmeta/Img/favicon.ico', 'icon_url': 'https://cdn.sstatic.net/Sites/texmeta/Img/apple-touch-icon.png', 'audience': 'users of TeX, LaTeX, ConTeXt, and related typesetting systems', 'site_url': 'https://tex.meta.stackexchange.com', 'api_site_parameter': 'tex.meta', 'logo_url': 'https://cdn.sstatic.net/Sites/texmeta/Img/logo.png', 'name': 'TeX - LaTeX Meta', 'site_type': 'meta_site'}",True,300,62
28,"{'aliases': ['http://ubuntu.stackexchange.com'], 'styling': {'tag_background_color': '#E8E7E5', 'tag_foreground_color': '#5E5E5E', 'link_color': '#333333'}, 'related_sites': [{'relation': 'meta', 'api_site_parameter': 'meta.askubuntu', 'site_url': 'https://meta.askubuntu.com', 'name': 'Ask Ubuntu Meta'}, {'relation': 'chat', 'site_url': 'https://chat.stackexchange.com?tab=site&host=askubuntu.com', 'name': 'Chat Stack Exchange'}], 'markdown_extensions': ['Prettify'], 'launch_date': 1286712000, 'open_beta_date': 1280948400, 'closed_beta_date': 1280343600, 'site_state': 'normal', 'high_resolution_icon_url': 'https://cdn.sstatic.net/Sites/askubuntu/Img/apple-touch-icon@2.png', 'twitter_account': 'AskUbuntu', 'favicon_url': 'https://cdn.sstatic.net/Sites/askubuntu/Img/favicon.ico', 'icon_url': 'https://cdn.sstatic.net/Sites/askubuntu/Img/apple-touch-icon.png', 'audience': 'Ubuntu users and developers', 'site_url': 'https://askubuntu.com', 'api_site_parameter': 'askubuntu', 'logo_url': 'https://cdn.sstatic.net/Sites/askubuntu/Img/logo.png', 'name': 'Ask Ubuntu', 'site_type': 'main_site'}",True,300,62
29,"{'aliases': ['http://meta.ubuntu.stackexchange.com'], 'styling': {'tag_background_color': '#E8E7E5', 'tag_foreground_color': '#5E5E5E', 'link_color': '#222222'}, 'related_sites': [{'relation': 'parent', 'api_site_parameter': 'askubuntu', 'site_url': 'https://askubuntu.com', 'name': 'Ask Ubuntu'}, {'relation': 'chat', 'site_url': 'https://chat.stackexchange.com?tab=site&host=askubuntu.com', 'name': 'Chat Stack Exchange'}], 'site_state': 'linked_meta', 'high_resolution_icon_url': 'https://cdn.sstatic.net/Sites/askubuntumeta/Img/apple-touch-icon@2.png', 'favicon_url': 'https://cdn.sstatic.net/Sites/askubuntumeta/Img/favicon.ico', 'icon_url': 'https://cdn.sstatic.net/Sites/askubuntumeta/Img/apple-touch-icon.png', 'audience': 'Ubuntu users and developers', 'site_url': 'https://meta.askubuntu.com', 'api_site_parameter': 'meta.askubuntu', 'logo_url': 'https://cdn.sstatic.net/Sites/askubuntumeta/Img/logo.png', 'name': 'Ask Ubuntu Meta', 'site_type': 'meta_site'}",True,300,62
