,Parameter,url
0,stackoverflow,https://stackoverflow.com
1,serverfault,https://serverfault.com
2,superuser,https://superuser.com
3,meta,https://meta.stackexchange.com
4,webapps,https://webapps.stackexchange.com
5,webapps.meta,https://webapps.meta.stackexchange.com
6,gaming,https://gaming.stackexchange.com
7,gaming.meta,https://gaming.meta.stackexchange.com
8,webmasters,https://webmasters.stackexchange.com
9,webmasters.meta,https://webmasters.meta.stackexchange.com
10,cooking,https://cooking.stackexchange.com
11,cooking.meta,https://cooking.meta.stackexchange.com
12,gamedev,https://gamedev.stackexchange.com
13,gamedev.meta,https://gamedev.meta.stackexchange.com
14,photo,https://photo.stackexchange.com
15,photo.meta,https://photo.meta.stackexchange.com
16,stats,https://stats.stackexchange.com
17,stats.meta,https://stats.meta.stackexchange.com
18,math,https://math.stackexchange.com
19,math.meta,https://math.meta.stackexchange.com
20,diy,https://diy.stackexchange.com
21,diy.meta,https://diy.meta.stackexchange.com
22,meta.superuser,https://meta.superuser.com
23,meta.serverfault,https://meta.serverfault.com
24,gis,https://gis.stackexchange.com
25,gis.meta,https://gis.meta.stackexchange.com
26,tex,https://tex.stackexchange.com
27,tex.meta,https://tex.meta.stackexchange.com
28,askubuntu,https://askubuntu.com
29,meta.askubuntu,https://meta.askubuntu.com
30,money,https://money.stackexchange.com
31,money.meta,https://money.meta.stackexchange.com
32,english,https://english.stackexchange.com
33,english.meta,https://english.meta.stackexchange.com
34,stackapps,https://stackapps.com
35,ux,https://ux.stackexchange.com
36,ux.meta,https://ux.meta.stackexchange.com
37,unix,https://unix.stackexchange.com
38,unix.meta,https://unix.meta.stackexchange.com
39,wordpress,https://wordpress.stackexchange.com
40,wordpress.meta,https://wordpress.meta.stackexchange.com
41,cstheory,https://cstheory.stackexchange.com
42,cstheory.meta,https://cstheory.meta.stackexchange.com
43,apple,https://apple.stackexchange.com
44,apple.meta,https://apple.meta.stackexchange.com
45,rpg,https://rpg.stackexchange.com
46,rpg.meta,https://rpg.meta.stackexchange.com
47,bicycles,https://bicycles.stackexchange.com
48,bicycles.meta,https://bicycles.meta.stackexchange.com
49,softwareengineering,https://softwareengineering.stackexchange.com
50,softwareengineering.meta,https://softwareengineering.meta.stackexchange.com
51,electronics,https://electronics.stackexchange.com
52,electronics.meta,https://electronics.meta.stackexchange.com
53,android,https://android.stackexchange.com
54,android.meta,https://android.meta.stackexchange.com
55,boardgames,https://boardgames.stackexchange.com
56,boardgames.meta,https://boardgames.meta.stackexchange.com
57,physics,https://physics.stackexchange.com
58,physics.meta,https://physics.meta.stackexchange.com
59,homebrew,https://homebrew.stackexchange.com
60,homebrew.meta,https://homebrew.meta.stackexchange.com
61,security,https://security.stackexchange.com
62,security.meta,https://security.meta.stackexchange.com
63,writing,https://writing.stackexchange.com
64,writing.meta,https://writing.meta.stackexchange.com
65,video,https://video.stackexchange.com
66,video.meta,https://video.meta.stackexchange.com
67,graphicdesign,https://graphicdesign.stackexchange.com
68,graphicdesign.meta,https://graphicdesign.meta.stackexchange.com
69,dba,https://dba.stackexchange.com
70,dba.meta,https://dba.meta.stackexchange.com
71,scifi,https://scifi.stackexchange.com
72,scifi.meta,https://scifi.meta.stackexchange.com
73,codereview,https://codereview.stackexchange.com
74,codereview.meta,https://codereview.meta.stackexchange.com
75,codegolf,https://codegolf.stackexchange.com
76,codegolf.meta,https://codegolf.meta.stackexchange.com
77,quant,https://quant.stackexchange.com
78,quant.meta,https://quant.meta.stackexchange.com
79,pm,https://pm.stackexchange.com
80,pm.meta,https://pm.meta.stackexchange.com
81,skeptics,https://skeptics.stackexchange.com
82,skeptics.meta,https://skeptics.meta.stackexchange.com
83,fitness,https://fitness.stackexchange.com
84,fitness.meta,https://fitness.meta.stackexchange.com
85,drupal,https://drupal.stackexchange.com
86,drupal.meta,https://drupal.meta.stackexchange.com
87,mechanics,https://mechanics.stackexchange.com
88,mechanics.meta,https://mechanics.meta.stackexchange.com
89,parenting,https://parenting.stackexchange.com
90,parenting.meta,https://parenting.meta.stackexchange.com
91,sharepoint,https://sharepoint.stackexchange.com
92,sharepoint.meta,https://sharepoint.meta.stackexchange.com
93,music,https://music.stackexchange.com
94,music.meta,https://music.meta.stackexchange.com
95,sqa,https://sqa.stackexchange.com
96,sqa.meta,https://sqa.meta.stackexchange.com
97,judaism,https://judaism.stackexchange.com
98,judaism.meta,https://judaism.meta.stackexchange.com
99,german,https://german.stackexchange.com
100,german.meta,https://german.meta.stackexchange.com
101,japanese,https://japanese.stackexchange.com
102,japanese.meta,https://japanese.meta.stackexchange.com
103,philosophy,https://philosophy.stackexchange.com
104,philosophy.meta,https://philosophy.meta.stackexchange.com
105,gardening,https://gardening.stackexchange.com
106,gardening.meta,https://gardening.meta.stackexchange.com
107,travel,https://travel.stackexchange.com
108,travel.meta,https://travel.meta.stackexchange.com
109,crypto,https://crypto.stackexchange.com
110,crypto.meta,https://crypto.meta.stackexchange.com
111,dsp,https://dsp.stackexchange.com
112,dsp.meta,https://dsp.meta.stackexchange.com
113,french,https://french.stackexchange.com
114,french.meta,https://french.meta.stackexchange.com
115,christianity,https://christianity.stackexchange.com
116,christianity.meta,https://christianity.meta.stackexchange.com
117,bitcoin,https://bitcoin.stackexchange.com
118,bitcoin.meta,https://bitcoin.meta.stackexchange.com
119,linguistics,https://linguistics.stackexchange.com
120,linguistics.meta,https://linguistics.meta.stackexchange.com
121,hermeneutics,https://hermeneutics.stackexchange.com
122,hermeneutics.meta,https://hermeneutics.meta.stackexchange.com
123,history,https://history.stackexchange.com
124,history.meta,https://history.meta.stackexchange.com
125,bricks,https://bricks.stackexchange.com
126,bricks.meta,https://bricks.meta.stackexchange.com
127,spanish,https://spanish.stackexchange.com
128,spanish.meta,https://spanish.meta.stackexchange.com
129,scicomp,https://scicomp.stackexchange.com
130,scicomp.meta,https://scicomp.meta.stackexchange.com
131,movies,https://movies.stackexchange.com
132,movies.meta,https://movies.meta.stackexchange.com
133,chinese,https://chinese.stackexchange.com
134,chinese.meta,https://chinese.meta.stackexchange.com
135,biology,https://biology.stackexchange.com
136,biology.meta,https://biology.meta.stackexchange.com
137,poker,https://poker.stackexchange.com
138,poker.meta,https://poker.meta.stackexchange.com
139,mathematica,https://mathematica.stackexchange.com
140,mathematica.meta,https://mathematica.meta.stackexchange.com
141,psychology,https://psychology.stackexchange.com
142,psychology.meta,https://psychology.meta.stackexchange.com
143,outdoors,https://outdoors.stackexchange.com
144,outdoors.meta,https://outdoors.meta.stackexchange.com
145,martialarts,https://martialarts.stackexchange.com
146,martialarts.meta,https://martialarts.meta.stackexchange.com
147,sports,https://sports.stackexchange.com
148,sports.meta,https://sports.meta.stackexchange.com
149,academia,https://academia.stackexchange.com
150,academia.meta,https://academia.meta.stackexchange.com
151,cs,https://cs.stackexchange.com
152,cs.meta,https://cs.meta.stackexchange.com
153,workplace,https://workplace.stackexchange.com
154,workplace.meta,https://workplace.meta.stackexchange.com
155,windowsphone,https://windowsphone.stackexchange.com
156,windowsphone.meta,https://windowsphone.meta.stackexchange.com
157,chemistry,https://chemistry.stackexchange.com
158,chemistry.meta,https://chemistry.meta.stackexchange.com
159,chess,https://chess.stackexchange.com
160,chess.meta,https://chess.meta.stackexchange.com
161,raspberrypi,https://raspberrypi.stackexchange.com
162,raspberrypi.meta,https://raspberrypi.meta.stackexchange.com
163,russian,https://russian.stackexchange.com
164,russian.meta,https://russian.meta.stackexchange.com
165,islam,https://islam.stackexchange.com
166,islam.meta,https://islam.meta.stackexchange.com
167,salesforce,https://salesforce.stackexchange.com
168,salesforce.meta,https://salesforce.meta.stackexchange.com
169,patents,https://patents.stackexchange.com
170,patents.meta,https://patents.meta.stackexchange.com
171,genealogy,https://genealogy.stackexchange.com
172,genealogy.meta,https://genealogy.meta.stackexchange.com
173,robotics,https://robotics.stackexchange.com
174,robotics.meta,https://robotics.meta.stackexchange.com
175,expressionengine,https://expressionengine.stackexchange.com
176,expressionengine.meta,https://expressionengine.meta.stackexchange.com
177,politics,https://politics.stackexchange.com
178,politics.meta,https://politics.meta.stackexchange.com
179,anime,https://anime.stackexchange.com
180,anime.meta,https://anime.meta.stackexchange.com
181,magento,https://magento.stackexchange.com
182,magento.meta,https://magento.meta.stackexchange.com
183,ell,https://ell.stackexchange.com
184,ell.meta,https://ell.meta.stackexchange.com
185,sustainability,https://sustainability.stackexchange.com
186,sustainability.meta,https://sustainability.meta.stackexchange.com
187,tridion,https://tridion.stackexchange.com
188,tridion.meta,https://tridion.meta.stackexchange.com
189,reverseengineering,https://reverseengineering.stackexchange.com
190,reverseengineering.meta,https://reverseengineering.meta.stackexchange.com
191,networkengineering,https://networkengineering.stackexchange.com
192,networkengineering.meta,https://networkengineering.meta.stackexchange.com
193,opendata,https://opendata.stackexchange.com
194,opendata.meta,https://opendata.meta.stackexchange.com
195,freelancing,https://freelancing.stackexchange.com
196,freelancing.meta,https://freelancing.meta.stackexchange.com
197,blender,https://blender.stackexchange.com
198,blender.meta,https://blender.meta.stackexchange.com
199,mathoverflow.net,https://mathoverflow.net
200,meta.mathoverflow.net,https://meta.mathoverflow.net
201,space,https://space.stackexchange.com
202,space.meta,https://space.meta.stackexchange.com
203,sound,https://sound.stackexchange.com
204,sound.meta,https://sound.meta.stackexchange.com
205,astronomy,https://astronomy.stackexchange.com
206,astronomy.meta,https://astronomy.meta.stackexchange.com
207,tor,https://tor.stackexchange.com
208,tor.meta,https://tor.meta.stackexchange.com
209,pets,https://pets.stackexchange.com
210,pets.meta,https://pets.meta.stackexchange.com
211,ham,https://ham.stackexchange.com
212,ham.meta,https://ham.meta.stackexchange.com
213,italian,https://italian.stackexchange.com
214,italian.meta,https://italian.meta.stackexchange.com
215,pt.stackoverflow,https://pt.stackoverflow.com
216,pt.meta.stackoverflow,https://pt.meta.stackoverflow.com
217,aviation,https://aviation.stackexchange.com
218,aviation.meta,https://aviation.meta.stackexchange.com
219,ebooks,https://ebooks.stackexchange.com
220,ebooks.meta,https://ebooks.meta.stackexchange.com
221,alcohol,https://alcohol.stackexchange.com
222,alcohol.meta,https://alcohol.meta.stackexchange.com
223,softwarerecs,https://softwarerecs.stackexchange.com
224,softwarerecs.meta,https://softwarerecs.meta.stackexchange.com
225,arduino,https://arduino.stackexchange.com
226,arduino.meta,https://arduino.meta.stackexchange.com
227,cs50,https://cs50.stackexchange.com
228,cs50.meta,https://cs50.meta.stackexchange.com
229,expatriates,https://expatriates.stackexchange.com
230,expatriates.meta,https://expatriates.meta.stackexchange.com
231,matheducators,https://matheducators.stackexchange.com
232,matheducators.meta,https://matheducators.meta.stackexchange.com
233,meta.stackoverflow,https://meta.stackoverflow.com
234,earthscience,https://earthscience.stackexchange.com
235,earthscience.meta,https://earthscience.meta.stackexchange.com
236,joomla,https://joomla.stackexchange.com
237,joomla.meta,https://joomla.meta.stackexchange.com
238,datascience,https://datascience.stackexchange.com
239,datascience.meta,https://datascience.meta.stackexchange.com
240,puzzling,https://puzzling.stackexchange.com
241,puzzling.meta,https://puzzling.meta.stackexchange.com
242,craftcms,https://craftcms.stackexchange.com
243,craftcms.meta,https://craftcms.meta.stackexchange.com
244,buddhism,https://buddhism.stackexchange.com
245,buddhism.meta,https://buddhism.meta.stackexchange.com
246,hinduism,https://hinduism.stackexchange.com
247,hinduism.meta,https://hinduism.meta.stackexchange.com
248,communitybuilding,https://communitybuilding.stackexchange.com
249,communitybuilding.meta,https://communitybuilding.meta.stackexchange.com
250,worldbuilding,https://worldbuilding.stackexchange.com
251,worldbuilding.meta,https://worldbuilding.meta.stackexchange.com
252,ja.stackoverflow,https://ja.stackoverflow.com
253,ja.meta.stackoverflow,https://ja.meta.stackoverflow.com
254,emacs,https://emacs.stackexchange.com
255,emacs.meta,https://emacs.meta.stackexchange.com
256,hsm,https://hsm.stackexchange.com
257,hsm.meta,https://hsm.meta.stackexchange.com
258,economics,https://economics.stackexchange.com
259,economics.meta,https://economics.meta.stackexchange.com
260,lifehacks,https://lifehacks.stackexchange.com
261,lifehacks.meta,https://lifehacks.meta.stackexchange.com
262,engineering,https://engineering.stackexchange.com
263,engineering.meta,https://engineering.meta.stackexchange.com
264,coffee,https://coffee.stackexchange.com
265,coffee.meta,https://coffee.meta.stackexchange.com
266,vi,https://vi.stackexchange.com
267,vi.meta,https://vi.meta.stackexchange.com
268,musicfans,https://musicfans.stackexchange.com
269,musicfans.meta,https://musicfans.meta.stackexchange.com
270,woodworking,https://woodworking.stackexchange.com
271,woodworking.meta,https://woodworking.meta.stackexchange.com
272,civicrm,https://civicrm.stackexchange.com
273,civicrm.meta,https://civicrm.meta.stackexchange.com
274,medicalsciences,https://medicalsciences.stackexchange.com
275,medicalsciences.meta,https://medicalsciences.meta.stackexchange.com
276,ru.stackoverflow,https://ru.stackoverflow.com
277,ru.meta.stackoverflow,https://ru.meta.stackoverflow.com
278,rus,https://rus.stackexchange.com
279,rus.meta,https://rus.meta.stackexchange.com
280,mythology,https://mythology.stackexchange.com
281,mythology.meta,https://mythology.meta.stackexchange.com
282,law,https://law.stackexchange.com
283,law.meta,https://law.meta.stackexchange.com
284,opensource,https://opensource.stackexchange.com
285,opensource.meta,https://opensource.meta.stackexchange.com
286,elementaryos,https://elementaryos.stackexchange.com
287,elementaryos.meta,https://elementaryos.meta.stackexchange.com
288,portuguese,https://portuguese.stackexchange.com
289,portuguese.meta,https://portuguese.meta.stackexchange.com
290,computergraphics,https://computergraphics.stackexchange.com
291,computergraphics.meta,https://computergraphics.meta.stackexchange.com
292,hardwarerecs,https://hardwarerecs.stackexchange.com
293,hardwarerecs.meta,https://hardwarerecs.meta.stackexchange.com
294,es.stackoverflow,https://es.stackoverflow.com
295,es.meta.stackoverflow,https://es.meta.stackoverflow.com
296,3dprinting,https://3dprinting.stackexchange.com
297,3dprinting.meta,https://3dprinting.meta.stackexchange.com
298,ethereum,https://ethereum.stackexchange.com
299,ethereum.meta,https://ethereum.meta.stackexchange.com
300,latin,https://latin.stackexchange.com
301,latin.meta,https://latin.meta.stackexchange.com
302,languagelearning,https://languagelearning.stackexchange.com
303,languagelearning.meta,https://languagelearning.meta.stackexchange.com
304,retrocomputing,https://retrocomputing.stackexchange.com
305,retrocomputing.meta,https://retrocomputing.meta.stackexchange.com
306,crafts,https://crafts.stackexchange.com
307,crafts.meta,https://crafts.meta.stackexchange.com
308,korean,https://korean.stackexchange.com
309,korean.meta,https://korean.meta.stackexchange.com
310,monero,https://monero.stackexchange.com
311,monero.meta,https://monero.meta.stackexchange.com
312,ai,https://ai.stackexchange.com
313,ai.meta,https://ai.meta.stackexchange.com
314,esperanto,https://esperanto.stackexchange.com
315,esperanto.meta,https://esperanto.meta.stackexchange.com
316,sitecore,https://sitecore.stackexchange.com
317,sitecore.meta,https://sitecore.meta.stackexchange.com
318,iot,https://iot.stackexchange.com
319,iot.meta,https://iot.meta.stackexchange.com
320,literature,https://literature.stackexchange.com
321,literature.meta,https://literature.meta.stackexchange.com
322,vegetarianism,https://vegetarianism.stackexchange.com
323,vegetarianism.meta,https://vegetarianism.meta.stackexchange.com
324,ukrainian,https://ukrainian.stackexchange.com
325,ukrainian.meta,https://ukrainian.meta.stackexchange.com
326,devops,https://devops.stackexchange.com
327,devops.meta,https://devops.meta.stackexchange.com
328,bioinformatics,https://bioinformatics.stackexchange.com
329,bioinformatics.meta,https://bioinformatics.meta.stackexchange.com
330,cseducators,https://cseducators.stackexchange.com
331,cseducators.meta,https://cseducators.meta.stackexchange.com
332,interpersonal,https://interpersonal.stackexchange.com
333,interpersonal.meta,https://interpersonal.meta.stackexchange.com
334,iota,https://iota.stackexchange.com
335,iota.meta,https://iota.meta.stackexchange.com
336,stellar,https://stellar.stackexchange.com
337,stellar.meta,https://stellar.meta.stackexchange.com
338,conlang,https://conlang.stackexchange.com
339,conlang.meta,https://conlang.meta.stackexchange.com
340,quantumcomputing,https://quantumcomputing.stackexchange.com
341,quantumcomputing.meta,https://quantumcomputing.meta.stackexchange.com
342,eosio,https://eosio.stackexchange.com
343,eosio.meta,https://eosio.meta.stackexchange.com
344,tezos,https://tezos.stackexchange.com
345,tezos.meta,https://tezos.meta.stackexchange.com
346,or,https://or.stackexchange.com
347,or.meta,https://or.meta.stackexchange.com
348,drones,https://drones.stackexchange.com
349,drones.meta,https://drones.meta.stackexchange.com
350,materials,https://materials.stackexchange.com
351,materials.meta,https://materials.meta.stackexchange.com
