,name,count,skills
5,android,1298708,stackoverflow
10,ios,640152,stackoverflow
13,r,364306,stackoverflow
15,node.js,349864,stackoverflow
16,arrays,341610,stackoverflow
19,json,301385,stackoverflow
21,sql server,292111,stackoverflow
24,angularjs,261395,stackoverflow
26,reactjs,245640,stackoverflow
31,iphone,220685,stackoverflow
36,asp.net mvc,191539,stackoverflow
39,database,171894,stackoverflow
42,wpf,158529,stackoverflow
43,string,156809,stackoverflow
48,vb.net,131357,stackoverflow
51,oracle,126276,stackoverflow
53,multithreading,125343,stackoverflow
54,postgresql,124162,stackoverflow
56,list,106493,stackoverflow
57,forms,103264,stackoverflow
58,algorithm,102562,stackoverflow
60,amazon web services,102115,stackoverflow
61,image,101709,stackoverflow
63,twitter bootstrap,99405,stackoverflow
68,spring boot,90782,stackoverflow
69,winforms,90268,stackoverflow
70,performance,90007,stackoverflow
72,apache,87869,stackoverflow
73,function,87351,stackoverflow
74,entity framework,85175,stackoverflow
75,facebook,84771,stackoverflow
76,powershell,84705,stackoverflow
81,api,82789,stackoverflow
84,linq,79496,stackoverflow
85,shell,79003,stackoverflow
87,dataframe,77182,stackoverflow
88,qt,76851,stackoverflow
89,swing,76616,stackoverflow
91,loops,75272,stackoverflow
92,csv,72436,stackoverflow
93,unit testing,71757,stackoverflow
94,file,71447,stackoverflow
96,express,68784,stackoverflow
97,.htaccess,68530,stackoverflow
98,class,67389,stackoverflow
99,codeigniter,67224,stackoverflow
102,google chrome,64623,stackoverflow
104,date,64188,stackoverflow
105,sorting,64055,stackoverflow
106,tsql,63788,stackoverflow
107,google maps,63278,stackoverflow
109,uitableview,62506,stackoverflow
112,validation,60631,stackoverflow
115,web services,59938,stackoverflow
116,opencv,59385,stackoverflow
118,dictionary,57463,stackoverflow
119,xaml,56542,stackoverflow
120,datetime,56493,stackoverflow
121,android layout,55985,stackoverflow
123,spring mvc,54495,stackoverflow
124,email,53916,stackoverflow
125,for loop,53835,stackoverflow
127,oop,53599,stackoverflow
129,object,52896,stackoverflow
131,ms access,52056,stackoverflow
133,jsp,51291,stackoverflow
134,asp.net core,51260,stackoverflow
136,parsing,51115,stackoverflow
137,ubuntu,50974,stackoverflow
138,listview,50259,stackoverflow
139,wcf,50111,stackoverflow
140,user interface,49882,stackoverflow
141,if statement,48861,stackoverflow
142,batch file,48756,stackoverflow
144,pointers,48394,stackoverflow
145,templates,47678,stackoverflow
146,authentication,47290,stackoverflow
148,variables,46783,stackoverflow
149,elasticsearch,46514,stackoverflow
150,delphi,46507,stackoverflow
152,debugging,45629,stackoverflow
153,google app engine,45259,stackoverflow
157,pdf,43933,stackoverflow
158,jpa,43702,stackoverflow
159,nginx,43563,stackoverflow
161,android fragments,42997,stackoverflow
163,session,42498,stackoverflow
167,generics,41948,stackoverflow
168,asynchronous,41930,stackoverflow
171,testing,40809,stackoverflow
172,ionic framework,40691,stackoverflow
173,selenium webdriver,40619,stackoverflow
174,web,40608,stackoverflow
175,tomcat,40423,stackoverflow
176,github,40307,stackoverflow
177,gradle,39971,stackoverflow
178,animation,39467,stackoverflow
179,jquery ui,39307,stackoverflow
180,url,39295,stackoverflow
182,curl,38799,stackoverflow
183,internet explorer,38766,stackoverflow
185,recursion,38221,stackoverflow
189,inheritance,37276,stackoverflow
190,exception,37146,stackoverflow
193,join,36789,stackoverflow
194,winapi,36735,stackoverflow
195,redirect,36692,stackoverflow
197,math,36643,stackoverflow
199,firefox,36552,stackoverflow
200,post,36515,stackoverflow
203,image processing,36133,stackoverflow
204,dom,36018,stackoverflow
205,select,35631,stackoverflow
206,intellij idea,35449,stackoverflow
208,flash,35215,stackoverflow
210,gcc,35136,stackoverflow
211,button,35091,stackoverflow
212,jsf,35065,stackoverflow
213,logging,34853,stackoverflow
215,iis,34681,stackoverflow
216,events,34679,stackoverflow
217,ipad,34648,stackoverflow
218,cocoa touch,34614,stackoverflow
219,npm,34530,stackoverflow
220,matrix,34463,stackoverflow
221,google apps script,34424,stackoverflow
222,caching,34392,stackoverflow
223,javafx,34227,stackoverflow
224,tkinter,34212,stackoverflow
225,asp.net web api,34150,stackoverflow
226,facebook graph api,34121,stackoverflow
227,search,33703,stackoverflow
228,mongoose,33620,stackoverflow
229,networking,33575,stackoverflow
230,stored procedures,33441,stackoverflow
231,xpath,33430,stackoverflow
233,firebase realtime database,32699,stackoverflow
234,servlets,32429,stackoverflow
235,encryption,32296,stackoverflow
236,canvas,32275,stackoverflow
237,optimization,32254,stackoverflow
238,audio,32166,stackoverflow
239,web scraping,32040,stackoverflow
240,django models,31633,stackoverflow
241,memory,31558,stackoverflow
242,mod rewrite,31158,stackoverflow
243,cakephp,31065,stackoverflow
245,model view controller,30981,stackoverflow
246,video,30936,stackoverflow
247,arraylist,30790,stackoverflow
248,cookies,30724,stackoverflow
250,razor,30305,stackoverflow
251,plot,30236,stackoverflow
252,vector,30200,stackoverflow
253,multidimensional array,30168,stackoverflow
254,jdbc,29959,stackoverflow
255,serialization,29781,stackoverflow
256,iframe,29745,stackoverflow
257,android intent,29584,stackoverflow
258,random,29446,stackoverflow
259,google sheets,29432,stackoverflow
261,grails,29237,stackoverflow
262,jakarta ee,29193,stackoverflow
263,design patterns,29077,stackoverflow
264,input,28827,stackoverflow
265,visual c++,28721,stackoverflow
266,meteor,28685,stackoverflow
268,indexing,28106,stackoverflow
269,android activity,27860,stackoverflow
270,awk,27633,stackoverflow
271,text,27503,stackoverflow
272,activerecord,27417,stackoverflow
273,silverlight,27395,stackoverflow
274,core data,27337,stackoverflow
275,checkbox,27301,stackoverflow
276,data structures,27172,stackoverflow
277,mobile,27087,stackoverflow
278,visual studio code,27046,stackoverflow
279,mvvm,26912,stackoverflow
280,xamarin.forms,26892,stackoverflow
282,methods,26544,stackoverflow
285,svn,26341,stackoverflow
286,mysqli,26271,stackoverflow
287,gridview,26070,stackoverflow
288,installation,26052,stackoverflow
289,vim,25943,stackoverflow
290,groovy,25761,stackoverflow
293,file upload,25360,stackoverflow
295,boost,25255,stackoverflow
296,struct,25186,stackoverflow
297,time,25148,stackoverflow
298,memory management,25087,stackoverflow
299,google cloud platform,24964,stackoverflow
300,lambda,24929,stackoverflow
301,ssh,24878,stackoverflow
302,layout,24847,stackoverflow
303,sed,24623,stackoverflow
305,android recyclerview,24585,stackoverflow
306,dynamic,24579,stackoverflow
307,apache flex,24128,stackoverflow
308,extjs,24113,stackoverflow
309,filter,24088,stackoverflow
310,google chrome extension,24060,stackoverflow
311,graph,23943,stackoverflow
312,browser,23919,stackoverflow
313,junit,23749,stackoverflow
314,dll,23715,stackoverflow
315,plsql,23687,stackoverflow
317,spring security,23575,stackoverflow
318,reporting services,23550,stackoverflow
319,twitter,23486,stackoverflow
320,replace,23410,stackoverflow
321,netbeans,23341,stackoverflow
323,plugins,23103,stackoverflow
324,pdo,23048,stackoverflow
325,charts,22920,stackoverflow
326,jquery mobile,22804,stackoverflow
327,reflection,22784,stackoverflow
328,unicode,22751,stackoverflow
329,highcharts,22713,stackoverflow
330,database design,22414,stackoverflow
331,cmd,22349,stackoverflow
332,types,22287,stackoverflow
333,pyspark,22224,stackoverflow
334,beautifulsoup,22213,stackoverflow
335,dependency injection,22140,stackoverflow
337,foreach,22001,stackoverflow
338,https,21902,stackoverflow
339,data binding,21816,stackoverflow
340,encoding,21741,stackoverflow
341,websocket,21687,stackoverflow
342,google cloud firestore,21665,stackoverflow
343,hash,21648,stackoverflow
344,import,21624,stackoverflow
345,service,21611,stackoverflow
346,excel formula,21578,stackoverflow
347,collections,21444,stackoverflow
348,deployment,21424,stackoverflow
350,error handling,21228,stackoverflow
351,makefile,21215,stackoverflow
353,command line,21066,stackoverflow
354,scikit learn,20997,stackoverflow
355,while loop,20917,stackoverflow
357,web applications,20800,stackoverflow
359,gwt,20728,stackoverflow
360,ffmpeg,20715,stackoverflow
361,backbone.js,20649,stackoverflow
362,printing,20626,stackoverflow
363,eloquent,20511,stackoverflow
364,dplyr,20510,stackoverflow
365,server,20483,stackoverflow
366,zend framework,20440,stackoverflow
367,group by,20354,stackoverflow
368,webview,20349,stackoverflow
370,html table,20325,stackoverflow
371,tcp,20292,stackoverflow
373,drop down menu,20084,stackoverflow
374,file io,20066,stackoverflow
375,knockout.js,20001,stackoverflow
376,django rest framework,19975,stackoverflow
377,shiny,19971,stackoverflow
378,merge,19946,stackoverflow
381,cmake,19759,stackoverflow
384,view,19616,stackoverflow
386,scroll,19515,stackoverflow
387,parse platform,19481,stackoverflow
388,uwp,19410,stackoverflow
389,datatable,19349,stackoverflow
390,build,19339,stackoverflow
391,solr,19335,stackoverflow
392,terminal,19330,stackoverflow
393,split,19264,stackoverflow
394,concurrency,19226,stackoverflow
395,hive,19200,stackoverflow
397,paypal,19183,stackoverflow
398,datagridview,19007,stackoverflow
399,syntax,18952,stackoverflow
403,enums,18791,stackoverflow
405,nhibernate,18752,stackoverflow
406,parameters,18709,stackoverflow
408,module,18616,stackoverflow
409,primefaces,18610,stackoverflow
410,graphics,18565,stackoverflow
411,fonts,18545,stackoverflow
412,login,18468,stackoverflow
413,colors,18429,stackoverflow
417,constructor,18338,stackoverflow
418,uiview,18313,stackoverflow
419,promise,18266,stackoverflow
420,outlook,18258,stackoverflow
421,oauth,18245,stackoverflow
422,memory leaks,18234,stackoverflow
426,vbscript,18058,stackoverflow
427,timer,17857,stackoverflow
428,automation,17724,stackoverflow
429,async await,17600,stackoverflow
430,interface,17574,stackoverflow
432,parallel processing,17535,stackoverflow
433,lua,17522,stackoverflow
434,jar,17460,stackoverflow
435,ms word,17460,stackoverflow
436,angularjs directive,17427,stackoverflow
437,count,17380,stackoverflow
438,casting,17373,stackoverflow
439,proxy,17271,stackoverflow
440,orm,17256,stackoverflow
441,docker compose,17247,stackoverflow
444,push notification,17118,stackoverflow
445,directory,16942,stackoverflow
446,playframework,16930,stackoverflow
447,datatables,16908,stackoverflow
448,sqlalchemy,16893,stackoverflow
449,emacs,16877,stackoverflow
450,hyperlink,16865,stackoverflow
451,combobox,16835,stackoverflow
452,azure devops,16814,stackoverflow
453,neural network,16798,stackoverflow
454,compiler errors,16774,stackoverflow
455,scipy,16748,stackoverflow
457,yii,16622,stackoverflow
460,properties,16512,stackoverflow
461,process,16412,stackoverflow
462,react redux,16411,stackoverflow
463,triggers,16407,stackoverflow
464,doctrine orm,16399,stackoverflow
465,download,16379,stackoverflow
466,model,16377,stackoverflow
469,xamarin.android,16260,stackoverflow
470,linked list,16249,stackoverflow
471,configuration,16209,stackoverflow
472,functional programming,16179,stackoverflow
473,kendo ui,16068,stackoverflow
474,callback,15990,stackoverflow
475,uiviewcontroller,15984,stackoverflow
476,path,15972,stackoverflow
477,django forms,15961,stackoverflow
478,version control,15942,stackoverflow
480,flexbox,15885,stackoverflow
481,io,15846,stackoverflow
482,binding,15842,stackoverflow
483,safari,15788,stackoverflow
484,django views,15731,stackoverflow
486,scope,15704,stackoverflow
487,pip,15635,stackoverflow
488,scripting,15556,stackoverflow
489,android listview,15495,stackoverflow
490,bluetooth,15472,stackoverflow
491,url rewriting,15453,stackoverflow
492,responsive design,15450,stackoverflow
493,dns,15441,stackoverflow
495,autocomplete,15356,stackoverflow
496,phpmyadmin,15354,stackoverflow
497,cron,15270,stackoverflow
498,nullpointerexception,15268,stackoverflow
499,pagination,15208,stackoverflow
6,domain name system,11093,serverfault
7,centos,10065,serverfault
8,active directory,9318,serverfault
14,debian,6700,serverfault
19,iptables,5768,serverfault
20,postfix,5657,serverfault
26,vpn,4516,serverfault
27,firewall,3816,serverfault
29,backup,3789,serverfault
31,virtualization,3462,serverfault
32,permissions,3446,serverfault
34,raid,3371,serverfault
36,exchange,3297,serverfault
37,routing,3245,serverfault
39,web server,3083,serverfault
42,redhat,2986,serverfault
43,vmware esxi,2981,serverfault
45,group policy,2922,serverfault
46,smtp,2901,serverfault
47,openvpn,2850,serverfault
48,ssl certificate,2841,serverfault
8,hard drive,13488,superuser
9,wireless networking,13426,superuser
11,boot,10797,superuser
15,router,9369,superuser
16,windows xp,9184,superuser
18,mac,8766,superuser
20,laptop,7519,superuser
21,usb,7514,superuser
23,worksheet function,6543,superuser
24,microsoft word,6405,superuser
25,partitioning,6401,superuser
28,drivers,5653,superuser
33,ssd,5167,superuser
35,microsoft outlook,4861,superuser
36,keyboard,4826,superuser
37,virtual machine,4814,superuser
40,graphics card,4720,superuser
41,display,4618,superuser
44,multiple monitors,4477,superuser
46,cpu,4377,superuser
47,keyboard shortcuts,4364,superuser
49,motherboard,4151,superuser
1,google,3269,webmasters
3,google search console,2451,webmasters
4,domains,2125,webmasters
5,google search,1650,webmasters
6,htaccess,1503,webmasters
8,redirects,1459,webmasters
17,googlebot,791,webmasters
18,web crawlers,783,webmasters
19,search engine indexing,757,webmasters
20,search engines,746,webmasters
22,web development,726,webmasters
23,sitemap,724,webmasters
24,subdomain,711,webmasters
25,google adsense,709,webmasters
26,robots.txt,656,webmasters
28,duplicate content,641,webmasters
29,analytics,640,webmasters
31,images,593,webmasters
32,schema.org,568,webmasters
34,links,549,webmasters
36,canonical url,520,webmasters
37,keywords,504,webmasters
38,google index,483,webmasters
40,advertising,437,webmasters
41,backlinks,435,webmasters
42,serps,431,webmasters
45,domain registration,407,webmasters
46,website design,404,webmasters
49,ranking,376,webmasters
0,unity,12833,gamedev
6,xna,3074,gamedev
7,libgdx,2252,gamedev
8,collision detection,2231,gamedev
10,physics,2042,gamedev
12,mathematics,1695,gamedev
13,shaders,1687,gamedev
14,game design,1516,gamedev
15,textures,1388,gamedev
18,architecture,1270,gamedev
19,rendering,1118,gamedev
20,camera,1048,gamedev
22,sprites,1022,gamedev
23,directx,1011,gamedev
25,rotation,967,gamedev
26,movement,876,gamedev
27,glsl,860,gamedev
30,multiplayer,769,gamedev
31,monogame,756,gamedev
32,ai,742,gamedev
37,game mechanics,649,gamedev
38,path finding,649,gamedev
40,procedural generation,648,gamedev
41,lighting,632,gamedev
42,gui,629,gamedev
43,tilemap,617,gamedev
44,hlsl,580,gamedev
45,software engineering,560,gamedev
48,tiles,529,gamedev
1,regression,22248,stats
3,time series,11300,stats
4,probability,9191,stats
5,hypothesis testing,7627,stats
6,distributions,7354,stats
7,self study,6871,stats
8,neural networks,6106,stats
9,logistic,6076,stats
10,bayesian,6046,stats
11,classification,5522,stats
12,mathematical statistics,5499,stats
13,correlation,5039,stats
14,statistical significance,4980,stats
15,normal distribution,4628,stats
16,multiple regression,4325,stats
17,mixed model,4302,stats
18,anova,4291,stats
19,clustering,3490,stats
20,confidence interval,3459,stats
21,generalized linear model,3416,stats
23,variance,3187,stats
24,forecasting,3088,stats
25,categorical data,2903,stats
26,pca,2837,stats
27,cross validation,2808,stats
28,t test,2768,stats
29,estimation,2695,stats
31,maximum likelihood,2528,stats
32,sampling,2518,stats
34,chi squared,2359,stats
35,arima,2316,stats
36,predictive models,2203,stats
37,mean,2182,stats
39,modeling,2157,stats
40,survival,2122,stats
41,p value,2103,stats
42,repeated measures,2094,stats
43,multivariate analysis,2068,stats
44,svm,2057,stats
45,least squares,2054,stats
46,inference,2052,stats
47,references,2014,stats
48,random forest,1981,stats
49,feature selection,1965,stats
0,real analysis,113161,math
1,calculus,107880,math
2,linear algebra,100300,math
4,abstract algebra,68692,math
5,integration,57590,math
6,sequences and series,52333,math
7,combinatorics,45481,math
8,general topology,44611,math
9,matrices,44280,math
10,complex analysis,40849,math
11,functional analysis,39262,math
12,group theory,39064,math
13,geometry,38891,math
14,algebra precalculus,38157,math
15,ordinary differential equations,35317,math
16,number theory,34482,math
17,limits,34250,math
18,analysis,32924,math
19,probability theory,32835,math
20,elementary number theory,30549,math
21,measure theory,29277,math
22,statistics,28918,math
23,multivariable calculus,27651,math
24,functions,26679,math
25,discrete mathematics,26336,math
26,derivatives,25369,math
27,differential geometry,24021,math
28,trigonometry,23966,math
29,proof verification,23409,math
30,inequality,23119,math
31,elementary set theory,23104,math
32,algebraic geometry,21856,math
33,probability distributions,21568,math
34,logic,21360,math
35,polynomials,21101,math
36,graph theory,18881,math
37,convergence divergence,17470,math
38,partial differential equations,17090,math
39,ring theory,17064,math
41,reference request,16641,math
42,algebraic topology,16092,math
43,definite integrals,15803,math
44,complex numbers,15161,math
45,vector spaces,14251,math
46,summation,13741,math
47,continuity,12913,math
48,commutative algebra,12854,math
49,proof writing,12342,math
0,qgis,29649,gis
1,arcgis desktop,19248,gis
2,arcpy,9211,gis
5,raster,7549,gis
6,coordinate system,6430,gis
7,arcmap,5905,gis
8,pyqgis,5371,gis
9,geoserver,4867,gis
10,gdal,4717,gis
11,shapefile,4574,gis
14,leaflet,3340,gis
17,polygon,3227,gis
22,openlayers,2881,gis
23,openstreetmap,2735,gis
24,arcgis server,2626,gis
25,google earth engine,2604,gis
26,arcobjects,2425,gis
27,qgis plugins,2333,gis
28,geojson,2046,gis
29,modelbuilder,1997,gis
30,arcgis javascript api,1960,gis
31,grass,1936,gis
32,wms,1896,gis
33,field calculator,1854,gis
34,labeling,1765,gis
36,layers,1656,gis
37,point,1648,gis
38,symbology,1630,gis
39,dem,1600,gis
40,geotiff tiff,1588,gis
41,data,1587,gis
42,attribute table,1520,gis
44,arcgis pro,1481,gis
46,carto,1427,gis
47,line,1413,gis
48,spatial analyst,1390,gis
49,enterprise geodatabase,1330,gis
0,tikz pgf,26845,tex
1,tables,13665,tex
2,beamer,9177,tex
3,pgfplots,7840,tex
4,math mode,7817,tex
5,biblatex,7109,tex
7,macros,6575,tex
8,spacing,6559,tex
10,table of contents,5715,tex
11,bibliographies,5627,tex
12,floats,5061,tex
13,bibtex,4978,tex
14,equations,4701,tex
15,horizontal alignment,4687,tex
16,sectioning,4599,tex
17,xetex,4469,tex
18,errors,4434,tex
19,pdftex,4297,tex
20,formatting,4296,tex
21,hyperref,3889,tex
22,cross referencing,3636,tex
23,symbols,3539,tex
24,header footer,3383,tex
25,color,3378,tex
26,vertical alignment,3073,tex
27,numbering,3055,tex
28,captions,3039,tex
29,align,3012,tex
30,listings,2982,tex
31,luatex,2927,tex
32,citing,2802,tex
33,amsmath,2670,tex
34,lyx,2667,tex
35,packages,2667,tex
36,lists,2482,tex
37,environments,2462,tex
38,positioning,2443,tex
39,diagrams,2402,tex
40,line breaking,2365,tex
41,footnotes,2314,tex
42,margins,2197,tex
44,miktex,2129,tex
45,longtable,1925,tex
46,page breaking,1903,tex
47,enumerate,1879,tex
48,koma script,1869,tex
49,chapters,1857,tex
6,dual boot,15487,askubuntu
9,apt,13968,askubuntu
12,wireless,11688,askubuntu
14,nvidia,10004,askubuntu
17,gnome,9074,askubuntu
18,package management,8552,askubuntu
19,system installation,8354,askubuntu
20,software installation,7889,askubuntu
21,upgrade,7888,askubuntu
23,sound,7508,askubuntu
25,kernel,6551,askubuntu
27,mount,5980,askubuntu
28,scripts,5740,askubuntu
29,updates,5698,askubuntu
36,xubuntu,4762,askubuntu
37,kubuntu,4625,askubuntu
39,uefi,4505,askubuntu
40,lubuntu,4461,askubuntu
44,shortcut keys,4027,askubuntu
48,xorg,3861,askubuntu
49,nautilus,3834,askubuntu
0,united states,11442,money
1,taxes,4496,money
2,stocks,3025,money
3,income tax,2792,money
4,investing,2724,money
5,united kingdom,1716,money
6,credit card,1472,money
7,mortgage,1371,money
8,canada,1291,money
9,india,1262,money
10,loans,965,money
11,real estate,953,money
13,banking,900,money
14,options,864,money
15,tax deduction,848,money
16,trading,839,money
17,credit score,779,money
18,stock markets,726,money
19,etf,715,money
20,ira,661,money
21,savings,646,money
22,mutual funds,602,money
23,bonds,590,money
24,roth ira,573,money
25,retirement,572,money
26,capital gains tax,569,money
27,irs,568,money
28,financial literacy,567,money
29,bank account,550,money
30,stock analysis,503,money
31,foreign exchange,500,money
32,interest rate,475,money
33,car,461,money
34,credit,459,money
35,dividends,457,money
36,non resident,447,money
37,calculation,446,money
38,scams,434,money
39,small business,432,money
40,debt,430,money
41,interest,405,money
42,insurance,399,money
43,stock exchanges,394,money
44,money transfer,390,money
45,rental property,385,money
46,accounting,383,money
47,index fund,379,money
48,student loan,379,money
49,limited liability company,355,money
0,usability,3264,ux
3,gui design,2533,ux
6,user behavior,1539,ux
7,navigation,1512,ux
8,buttons,1299,ux
9,user expectation,1219,ux
10,web app,1038,ux
15,user research,755,ux
16,design,744,ux
18,icons,724,ux
21,mobile application,690,ux
22,accessibility,659,ux
24,usability testing,633,ux
25,menu,587,ux
26,terminology,582,ux
27,input fields,560,ux
29,info visualisation,531,ux
31,e commerce,512,ux
32,information architecture,479,ux
36,ux field,387,ux
37,mobile web,374,ux
38,registration,371,ux
39,users,361,ux
41,checkboxes,357,ux
43,labels,345,ux
44,user centered design,345,ux
45,desktop application,342,ux
46,dropdown,342,ux
47,selection,337,ux
48,tabs,327,ux
49,scrolling,327,ux
2,shell script,13189,unix
7,text processing,6825,unix
13,files,4291,unix
14,grep,4141,unix
17,arch linux,3672,unix
18,fedora,3582,unix
19,linux mint,3505,unix
21,rhel,3241,unix
22,systemd,3221,unix
23,filesystems,3217,unix
24,find,2873,unix
28,linux kernel,2727,unix
33,partition,2195,unix
34,regular expression,2195,unix
36,wifi,2167,unix
38,zsh,2083,unix
39,sudo,1963,unix
40,osx,1939,unix
44,kali linux,1854,unix
1,custom post types,9536,wordpress
3,plugin development,5716,wordpress
4,posts,5538,wordpress
5,wp query,5146,wordpress
7,customization,4877,wordpress
8,categories,4524,wordpress
9,theme development,4126,wordpress
10,custom taxonomy,4119,wordpress
12,custom field,3463,wordpress
14,loop,3116,wordpress
15,menus,3033,wordpress
16,permalinks,2906,wordpress
17,multisite,2859,wordpress
18,themes,2723,wordpress
19,filters,2683,wordpress
21,shortcode,2487,wordpress
23,pages,2389,wordpress
27,wp admin,2042,wordpress
28,hooks,2003,wordpress
29,widgets,2002,wordpress
33,post meta,1828,wordpress
34,uploads,1821,wordpress
35,taxonomy,1806,wordpress
36,comments,1792,wordpress
37,query,1730,wordpress
41,admin,1628,wordpress
42,metabox,1588,wordpress
43,post thumbnails,1525,wordpress
46,urls,1382,wordpress
47,actions,1315,wordpress
48,terms,1308,wordpress
49,advanced custom fields,1289,wordpress
0,cc.complexity theory,2711,cstheory
1,ds.algorithms,1659,cstheory
4,graph algorithms,894,cstheory
5,co.combinatorics,600,cstheory
6,np hardness,598,cstheory
7,complexity classes,568,cstheory
8,lo.logic,474,cstheory
9,approximation algorithms,423,cstheory
10,fl.formal languages,387,cstheory
11,soft question,379,cstheory
14,automata theory,353,cstheory
15,computability,348,cstheory
16,circuit complexity,333,cstheory
17,pl.programming languages,328,cstheory
18,time complexity,321,cstheory
19,ds.data structures,318,cstheory
21,type theory,293,cstheory
22,sat,274,cstheory
23,cg.comp geom,257,cstheory
24,cr.crypto security,253,cstheory
25,lower bounds,236,cstheory
26,counting complexity,225,cstheory
27,lambda calculus,220,cstheory
28,pr.probability,201,cstheory
29,turing machines,193,cstheory
31,boolean functions,187,cstheory
32,randomized algorithms,179,cstheory
33,linear programming,178,cstheory
34,big picture,178,cstheory
35,lg.learning,176,cstheory
36,approximation hardness,167,cstheory
37,reductions,167,cstheory
38,big list,164,cstheory
39,it.information theory,164,cstheory
40,randomness,148,cstheory
41,graph isomorphism,131,cstheory
42,np complete,131,cstheory
44,quantum information,117,cstheory
46,communication complexity,114,cstheory
47,np,111,cstheory
48,regular language,110,cstheory
49,planar graphs,106,cstheory
4,object oriented,3001,softwareengineering
7,algorithms,2070,softwareengineering
13,programming practices,1480,softwareengineering
15,object oriented design,1437,softwareengineering
17,programming languages,1344,softwareengineering
18,licensing,1332,softwareengineering
21,domain driven design,1224,softwareengineering
28,coding style,962,softwareengineering
30,project management,895,softwareengineering
31,open source,895,softwareengineering
33,api design,879,softwareengineering
41,development process,675,softwareengineering
42,refactoring,674,softwareengineering
44,interfaces,642,softwareengineering
46,code quality,612,softwareengineering
48,tdd,608,softwareengineering
49,naming,582,softwareengineering
0,microcontroller,7206,electronics
2,power supply,6780,electronics
3,voltage,5784,electronics
4,operational amplifier,5545,electronics
5,transistors,5093,electronics
6,power,5068,electronics
7,led,4739,electronics
8,batteries,4456,electronics
9,mosfet,4439,electronics
10,capacitor,4427,electronics
11,circuit analysis,4315,electronics
12,pcb,4066,electronics
13,current,3937,electronics
14,amplifier,3550,electronics
15,digital logic,3382,electronics
16,resistors,3207,electronics
17,rf,2730,electronics
18,pcb design,2671,electronics
20,motor,2572,electronics
21,diodes,2556,electronics
22,switches,2537,electronics
23,transformer,2516,electronics
24,voltage regulator,2495,electronics
25,pic,2492,electronics
26,ac,2462,electronics
27,sensor,2447,electronics
29,analog,2382,electronics
30,circuit design,2325,electronics
31,fpga,2298,electronics
32,relay,2297,electronics
33,integrated circuit,2202,electronics
35,adc,2161,electronics
36,dc,2129,electronics
37,battery charging,2123,electronics
38,switch mode power supply,1958,electronics
39,pwm,1951,electronics
40,power electronics,1806,electronics
41,avr,1705,electronics
43,bjt,1694,electronics
44,dc dc converter,1568,electronics
45,dc motor,1567,electronics
48,noise,1494,electronics
49,connector,1487,electronics
0,quantum mechanics,21169,physics
1,homework and exercises,18285,physics
2,newtonian mechanics,13905,physics
3,electromagnetism,12581,physics
4,thermodynamics,10047,physics
5,quantum field theory,9377,physics
6,general relativity,9163,physics
7,special relativity,7372,physics
8,forces,6150,physics
9,classical mechanics,5973,physics
10,optics,5475,physics
11,electrostatics,5364,physics
12,energy,4923,physics
13,fluid dynamics,4901,physics
14,particle physics,4807,physics
15,statistical mechanics,4364,physics
16,waves,4026,physics
17,cosmology,3927,physics
18,gravity,3921,physics
19,visible light,3903,physics
20,electromagnetic radiation,3866,physics
21,newtonian gravity,3659,physics
22,black holes,3600,physics
23,condensed matter,3446,physics
24,lagrangian formalism,3303,physics
25,magnetic fields,3202,physics
26,electricity,3189,physics
27,electric circuits,3101,physics
28,kinematics,3012,physics
29,photons,2977,physics
30,experimental physics,2902,physics
31,spacetime,2816,physics
32,hilbert space,2799,physics
33,operators,2732,physics
34,angular momentum,2643,physics
35,rotational dynamics,2614,physics
36,electric fields,2605,physics
37,reference frames,2594,physics
39,pressure,2553,physics
40,momentum,2445,physics
41,solid state physics,2423,physics
42,mass,2413,physics
43,electrons,2413,physics
44,wavefunction,2401,physics
46,energy conservation,2331,physics
47,nuclear physics,2312,physics
48,temperature,2283,physics
49,electric current,2227,physics
1,tls,5089,security
3,passwords,3593,security
4,web application,3070,security
5,network,2592,security
6,certificates,2464,security
7,cryptography,2195,security
8,malware,2135,security
12,privacy,1735,security
15,web browser,1446,security
17,xss,1314,security
19,penetration test,1232,security
20,public key infrastructure,1204,security
21,man in the middle,1190,security
22,password management,1177,security
26,exploit,1155,security
27,attacks,1133,security
28,certificate authority,1110,security
29,openssl,1102,security
30,firewalls,1054,security
33,appsec,921,security
34,virus,878,security
35,webserver,874,security
36,vulnerability,854,security
37,sql injection,816,security
38,key management,764,security
39,aes,763,security
40,digital signature,757,security
42,brute force,687,security
44,databases,666,security
45,password cracking,663,security
46,rsa,661,security
48,gnupg,651,security
49,pgp,643,security
2,after effects,936,video
3,premiere,929,video
4,video editor,573,video
5,editing,491,video
8,video quality,290,video
9,streaming,242,video
10,software recommendation,233,video
12,video recording,209,video
13,codec,206,video
15,final cut pro x,201,video
16,youtube,199,video
17,adobe,195,video
18,conversion,179,video
20,file formats,165,video
21,framerate,161,video
22,effects,157,video
24,compression,139,video
25,software,139,video
26,vegas pro,134,video
27,davinci resolve,126,video
28,transcoding,124,video
29,dslr,120,video
30,hardware,106,video
31,video capture,106,video
33,sync,102,video
34,subtitles,102,video
36,canon,97,video
37,post production,95,video
39,after effects expressions,92,video
41,color correction,85,video
42,filming,82,video
43,live,81,video
44,webvideos,76,video
47,audio recording,70,video
48,screen casting,69,video
1,adobe photoshop,7559,graphicdesign
2,adobe indesign,2358,graphicdesign
6,print design,1504,graphicdesign
11,logo,1039,graphicdesign
12,typography,1021,graphicdesign
16,font identification,780,graphicdesign
18,shapes,757,graphicdesign
19,export,745,graphicdesign
20,transparency,707,graphicdesign
22,sketch app,648,graphicdesign
23,icon,619,graphicdesign
27,interface design,528,graphicdesign
28,photoshop effects,517,graphicdesign
30,png,510,graphicdesign
31,gradient,509,graphicdesign
32,resize,508,graphicdesign
33,photo editing,464,graphicdesign
34,page layout,413,graphicdesign
35,stroke,412,graphicdesign
36,cmyk,353,graphicdesign
37,illustration,350,graphicdesign
38,background,346,graphicdesign
39,color theory,335,graphicdesign
40,mask,323,graphicdesign
41,patterns,312,graphicdesign
42,print production,311,graphicdesign
44,copyright,303,graphicdesign
45,workflow,301,graphicdesign
46,resolution,300,graphicdesign
47,critique,300,graphicdesign
48,design principles,297,graphicdesign
49,client relations,294,graphicdesign
9,replication,2997,dba
10,index,2677,dba
11,query performance,2670,dba
12,t sql,2660,dba
17,innodb,1985,dba
25,trigger,1265,dba
26,availability groups,1219,dba
28,restore,1172,dba
29,ssms,1063,dba
35,schema,892,dba
36,execution plan,887,dba
38,update,839,dba
39,foreign key,835,dba
43,migration,753,dba
46,amazon rds,705,dba
47,index tuning,700,dba
49,locking,693,dba
1,option pricing,1270,quant
2,volatility,966,quant
3,black scholes,859,quant
4,equities,800,quant
5,programming,773,quant
6,fixed income,772,quant
7,interest rates,734,quant
9,stochastic processes,625,quant
10,implied volatility,568,quant
11,stochastic calculus,560,quant
12,portfolio management,535,quant
13,finance,527,quant
14,risk,469,quant
15,portfolio optimization,454,quant
16,bond,452,quant
17,fx,440,quant
18,futures,428,quant
20,monte carlo,418,quant
21,quant trading strategies,396,quant
22,returns,391,quant
23,market data,391,quant
25,brownian motion,356,quant
26,risk management,351,quant
29,hedging,332,quant
30,finance mathematics,322,quant
31,risk neutral measure,321,quant
32,garch,319,quant
33,portfolio,318,quant
34,swaps,314,quant
35,arbitrage,295,quant
38,modern portfolio theory,290,quant
39,backtesting,283,quant
41,quantlib,277,quant
45,historical data,260,quant
46,pricing,253,quant
47,stochastic volatility,252,quant
48,yield curve,249,quant
49,american options,236,quant
2,ms project,579,pm
3,team management,472,pm
4,software development,345,pm
5,planning,340,pm
8,user stories,266,pm
10,sprint,212,pm
11,scrum master,200,pm
12,project management style,197,pm
13,communication,195,pm
14,project team,179,pm
15,pm software,176,pm
16,resource planning,169,pm
17,scheduling,166,pm
18,requirements,155,pm
19,product owner,141,pm
20,tasks,140,pm
23,time management,121,pm
24,methodology,112,pm
27,tools,111,pm
28,pmp,105,pm
29,roles,104,pm
30,documentation,99,pm
31,story points,99,pm
33,career,95,pm
34,metrics,93,pm
36,motivation,81,pm
37,reporting,76,pm
38,tracking,76,pm
39,backlog,76,pm
40,task management,73,pm
41,team building,72,pm
43,gantt,70,pm
45,cost management,69,pm
46,meetings,69,pm
47,change management,64,pm
48,human resources,64,pm
49,stakeholders,62,pm
2,views,14683,drupal
3,theming,10390,drupal
4,entities,8488,drupal
5,nodes,7303,drupal
8,commerce,3694,drupal
9,taxonomy terms,3454,drupal
13,blocks,2731,drupal
14,media,2652,drupal
18,webforms,2288,drupal
19,rules,2281,drupal
20,routes,2258,drupal
22,drush,1893,drupal
25,emails,1339,drupal
29,uri,1123,drupal
30,panels,1041,drupal
31,feeds,869,drupal
32,wysiwyg,837,drupal
34,redirection,804,drupal
35,path aliases,796,drupal
36,ubercart,718,drupal
37,organic groups,718,drupal
39,importing exporting,691,drupal
40,services,682,drupal
41,updating,669,drupal
42,tokens,658,drupal
43,installing,651,drupal
46,multi sites,466,drupal
47,features,459,drupal
48,composer,457,drupal
0,engine,2357,mechanics
1,honda,1616,mechanics
2,electrical,1548,mechanics
3,ford,1396,mechanics
4,toyota,1136,mechanics
5,motorcycle,1132,mechanics
6,battery,1081,mechanics
7,brakes,976,mechanics
8,starting,967,mechanics
9,chevrolet,942,mechanics
10,tires,815,mechanics
12,oil,664,mechanics
13,vw,651,mechanics
14,transmission,626,mechanics
15,fuel system,621,mechanics
17,automatic transmission,544,mechanics
18,nissan,538,mechanics
19,civic,500,mechanics
20,troubleshooting,499,mechanics
21,clutch,465,mechanics
22,coolant,465,mechanics
23,maintenance,446,mechanics
24,subaru,414,mechanics
25,manual transmission,401,mechanics
27,obd ii,396,mechanics
28,cooling system,389,mechanics
30,wheels,377,mechanics
31,suspension,376,mechanics
32,hyundai,369,mechanics
33,bmw,362,mechanics
34,engine theory,359,mechanics
35,mazda,351,mechanics
36,diesel,348,mechanics
37,alternator,341,mechanics
38,ignition,333,mechanics
39,accord,322,mechanics
40,exhaust,313,mechanics
41,dodge,311,mechanics
42,overheating,302,mechanics
43,repair,293,mechanics
44,starter,291,mechanics
45,oil change,289,mechanics
46,headlight,276,mechanics
47,jeep,272,mechanics
48,radiator,244,mechanics
49,wiring,244,mechanics
0,sharepoint online,15849,sharepoint
2,sharepoint enterprise,11330,sharepoint
4,sharepoint server,7380,sharepoint
5,sharepoint designer,6687,sharepoint
9,sharepoint foundation,4329,sharepoint
10,development,4265,sharepoint
11,web part,3838,sharepoint
13,document library,3577,sharepoint
17,infopath,2619,sharepoint
19,sharepoint addin,2369,sharepoint
22,designer workflow,1898,sharepoint
23,client object model,1825,sharepoint
24,csom,1787,sharepoint
25,content type,1530,sharepoint
26,list view,1463,sharepoint
28,custom list,1419,sharepoint
29,sharepoint rest api,1343,sharepoint
30,search results,1319,sharepoint
31,spfx,1317,sharepoint
34,lookup column,1047,sharepoint
35,column,1039,sharepoint
36,error,1027,sharepoint
37,user profile,1008,sharepoint
38,calculated column,984,sharepoint
40,site collection,954,sharepoint
41,master page,937,sharepoint
42,caml query,913,sharepoint
43,spfx webparts,885,sharepoint
44,event receivers,882,sharepoint
45,jsom,847,sharepoint
48,user profile service,787,sharepoint
0,automated testing,3240,sqa
4,manual testing,937,sqa
5,jmeter,790,sqa
6,webdriver,526,sqa
7,test management,515,sqa
9,test design,454,sqa
13,load testing,378,sqa
15,test automation framework,363,sqa
16,testng,340,sqa
18,appium,272,sqa
20,protractor,226,sqa
22,unit tests,205,sqa
24,api testing,178,sqa
26,testcase,166,sqa
27,page objects,162,sqa
28,agile testing,150,sqa
31,performance testing,141,sqa
33,jmeter plugins,136,sqa
34,chromedriver,134,sqa
35,selenium ide,128,sqa
36,quality assurance,125,sqa
37,qa developer,122,sqa
38,interview,115,sqa
39,regression testing,112,sqa
40,visualstudio,112,sqa
41,robotframework,109,sqa
42,uiautomation,108,sqa
43,bug report,105,sqa
46,bdd,102,sqa
47,qa role,102,sqa
48,mobile automation,100,sqa
4,public key,1734,crypto
5,elliptic curves,1498,crypto
6,cryptanalysis,1288,crypto
7,signature,1035,crypto
8,block cipher,849,crypto
9,diffie hellman,788,crypto
10,algorithm design,746,crypto
11,keys,694,crypto
12,random number generator,666,crypto
13,homomorphic encryption,644,crypto
14,zero knowledge proofs,637,crypto
15,symmetric,631,crypto
17,protocol design,586,crypto
18,collision resistance,531,crypto
19,key exchange,522,crypto
21,hmac,506,crypto
22,key derivation,491,crypto
23,provable security,482,crypto
25,discrete logarithm,441,crypto
28,implementation,418,crypto
29,stream cipher,416,crypto
30,authenticated encryption,406,crypto
31,post quantum cryptography,398,crypto
33,cbc,391,crypto
34,secret sharing,389,crypto
35,pseudo random generator,372,crypto
36,dsa,358,crypto
38,des,353,crypto
39,modular arithmetic,336,crypto
40,one time pad,327,crypto
41,multiparty computation,326,crypto
42,pseudo random function,316,crypto
43,entropy,313,crypto
44,initialization vector,310,crypto
45,attack,299,crypto
46,lattice crypto,291,crypto
47,modes of operation,291,crypto
48,prime numbers,286,crypto
2,fft,2332,dsp
4,discrete signals,1788,dsp
5,signal analysis,1650,dsp
6,fourier transform,1558,dsp
8,digital communications,1083,dsp
9,frequency spectrum,977,dsp
11,filter design,930,dsp
14,dft,750,dsp
16,convolution,722,dsp
17,frequency,563,dsp
18,power spectral density,561,dsp
19,continuous signals,528,dsp
20,lowpass filter,521,dsp
21,wavelet,479,dsp
22,finite impulse response,478,dsp
23,linear systems,469,dsp
25,phase,449,dsp
26,modulation,417,dsp
27,infinite impulse response,385,dsp
28,z transform,379,dsp
30,autocorrelation,356,dsp
31,frequency response,341,dsp
32,transfer function,339,dsp
33,signal detection,337,dsp
34,impulse response,334,dsp
35,kalman filters,326,dsp
37,cross correlation,324,dsp
38,homework,320,dsp
40,digital filters,296,dsp
41,image segmentation,290,dsp
42,ofdm,272,dsp
43,gaussian,270,dsp
44,filtering,259,dsp
45,interpolation,258,dsp
46,window functions,252,dsp
47,spectrogram,244,dsp
48,fourier,242,dsp
49,demodulation,229,dsp
0,bitcoin core,3050,bitcoin
1,transactions,2805,bitcoin
3,bitcoind,2018,bitcoin
4,wallet,1936,bitcoin
5,address,892,bitcoin
6,transaction fees,756,bitcoin
8,mining pools,719,bitcoin
9,exchanges,696,bitcoin
10,json rpc,693,bitcoin
11,private key,666,bitcoin
12,blockchain.info,661,bitcoin
13,client,651,bitcoin
14,mining theory,640,bitcoin
15,lightning network,606,bitcoin
17,block,527,bitcoin
18,electrum,520,bitcoin
19,unconfirmed transactions,484,bitcoin
20,litecoin,455,bitcoin
21,segregated witness,451,bitcoin
22,script,438,bitcoin
23,altcoin,431,bitcoin
26,mining hardware,402,bitcoin
27,mining profitability,399,bitcoin
28,multi signature,397,bitcoin
30,protocol,377,bitcoin
31,bitcoin cash,375,bitcoin
33,bitcoincore development,354,bitcoin
35,mining reward,349,bitcoin
36,synchronization,344,bitcoin
37,ripple,341,bitcoin
38,blockchain fork,337,bitcoin
39,miner configuration,330,bitcoin
42,wallet recovery,308,bitcoin
43,testnet,307,bitcoin
45,raw transaction,297,bitcoin
46,difficulty,292,bitcoin
47,buy bitcoins,288,bitcoin
48,currencies,279,bitcoin
49,full node,274,bitcoin
1,english,820,linguistics
2,phonology,755,linguistics
3,phonetics,736,linguistics
5,etymology,582,linguistics
6,historical linguistics,572,linguistics
7,semantics,493,linguistics
9,grammar,396,linguistics
10,morphology,385,linguistics
12,ipa,239,linguistics
13,linguistic typology,237,linguistics
14,orthography,229,linguistics
15,proto indo european,220,linguistics
16,pronunciation,216,linguistics
17,verbs,210,linguistics
18,cross linguistic,206,linguistics
19,corpora,206,linguistics
20,list of languages,197,linguistics
21,latin,187,linguistics
22,resource request,182,linguistics
23,syntax trees,181,linguistics
24,phonemes,165,linguistics
25,vowels,158,linguistics
26,language change,158,linguistics
27,comparative linguistics,153,linguistics
28,theoretical linguistics,150,linguistics
29,french,144,linguistics
30,greek,142,linguistics
31,parts of speech,137,linguistics
32,sociolinguistics,137,linguistics
33,language acquisition,132,linguistics
34,indo european,132,linguistics
35,cases,128,linguistics
36,arabic,127,linguistics
37,written language,126,linguistics
38,germanic languages,123,linguistics
39,sound change,118,linguistics
40,psycholinguistics,113,linguistics
41,nlp,112,linguistics
42,writing systems,112,linguistics
43,dialects,106,linguistics
44,german,106,linguistics
45,romance languages,103,linguistics
46,history,102,linguistics
47,chinese,101,linguistics
48,pronoun,99,linguistics
49,lexical semantics,99,linguistics
0,human biology,2341,biology
1,genetics,2141,biology
2,evolution,2024,biology
3,species identification,1911,biology
4,biochemistry,1786,biology
5,molecular biology,1502,biology
6,cell biology,1432,biology
7,zoology,1333,biology
8,botany,1278,biology
9,neuroscience,1218,biology
10,entomology,1158,biology
11,dna,1141,biology
13,physiology,859,biology
14,microbiology,827,biology
15,proteins,793,biology
16,immunology,608,biology
17,molecular genetics,571,biology
18,bacteriology,568,biology
20,human anatomy,508,biology
21,brain,480,biology
22,ecology,473,biology
23,metabolism,470,biology
25,neurophysiology,455,biology
26,plant physiology,445,biology
27,virology,434,biology
28,human genetics,408,biology
29,reproduction,395,biology
30,cancer,380,biology
31,pharmacology,373,biology
32,pathology,357,biology
33,dna sequencing,333,biology
34,gene expression,329,biology
35,lab techniques,328,biology
36,enzymes,327,biology
37,human physiology,321,biology
38,food,314,biology
39,population genetics,310,biology
40,ornithology,305,biology
41,rna,299,biology
42,vision,286,biology
43,photosynthesis,284,biology
44,cardiology,279,biology
45,hematology,275,biology
46,theoretical biology,268,biology
47,biophysics,264,biology
48,eyes,259,biology
49,muscles,257,biology
0,plotting,11827,mathematica
1,list manipulation,6545,mathematica
2,differential equations,5245,mathematica
3,equation solving,4654,mathematica
5,calculus and analysis,3302,mathematica
8,numerical integration,2533,mathematica
9,performance tuning,2260,mathematica
10,function construction,1860,mathematica
11,simplifying expressions,1778,mathematica
12,graphs and networks,1671,mathematica
14,bugs,1647,mathematica
15,manipulate,1642,mathematica
16,numerics,1616,mathematica
17,front end,1569,mathematica
18,mathematical optimization,1527,mathematica
20,probability or statistics,1444,mathematica
23,fitting,1352,mathematica
25,evaluation,1269,mathematica
27,replacement,1187,mathematica
29,symbolic,1146,mathematica
30,pattern matching,1142,mathematica
31,warning messages,1102,mathematica
32,output formatting,1073,mathematica
33,notebooks,1029,mathematica
34,string manipulation,1013,mathematica
35,special functions,1000,mathematica
37,complex,912,mathematica
38,table,909,mathematica
39,regions,824,mathematica
42,parallelization,744,mathematica
46,finite element method,719,mathematica
0,cognitive psychology,1181,psychology
2,social psychology,744,psychology
3,cognitive neuroscience,477,psychology
4,perception,418,psychology
5,emotion,413,psychology
6,learning,380,psychology
7,measurement,363,psychology
8,personality,358,psychology
11,abnormal psychology,321,psychology
14,experimental psychology,257,psychology
15,theoretical neuroscience,251,psychology
17,intelligence,234,psychology
19,cognitive modeling,190,psychology
20,developmental psychology,178,psychology
21,bias,166,psychology
22,eeg,163,psychology
24,computational modeling,155,psychology
25,consciousness,148,psychology
26,psychology,145,psychology
27,test,144,psychology
28,decision making,143,psychology
29,sleep,139,psychology
31,language,134,psychology
32,clinical psychology,133,psychology
34,dreams,124,psychology
35,behavior,124,psychology
37,psychiatry,117,psychology
38,neuroimaging,112,psychology
39,depression,110,psychology
41,sexuality,100,psychology
42,iq,99,psychology
43,attention,99,psychology
44,philosophy of mind,98,psychology
45,neuroanatomy,92,psychology
46,fmri,89,psychology
47,io psychology,88,psychology
48,behaviorism,87,psychology
49,educational psychology,82,psychology
1,complexity theory,4167,cs
2,graphs,3750,cs
3,formal languages,2335,cs
6,algorithm analysis,1695,cs
10,regular languages,1390,cs
11,automata,1387,cs
12,finite automata,1318,cs
13,context free,1312,cs
15,asymptotics,1129,cs
17,formal grammars,1037,cs
21,computer architecture,899,cs
22,runtime analysis,872,cs
25,undecidability,708,cs
27,dynamic programming,685,cs
28,trees,669,cs
29,computational geometry,653,cs
30,regular expressions,616,cs
31,operating systems,610,cs
32,np hard,589,cs
33,proof techniques,588,cs
35,search algorithms,563,cs
36,recurrence relation,554,cs
38,shortest path,529,cs
40,satisfiability,482,cs
42,binary trees,461,cs
46,approximation,437,cs
49,pushdown automata,421,cs
0,organic chemistry,8256,chemistry
1,inorganic chemistry,3831,chemistry
2,physical chemistry,3642,chemistry
3,acid base,2587,chemistry
4,reaction mechanism,2296,chemistry
6,everyday chemistry,1502,chemistry
7,electrochemistry,1397,chemistry
8,experimental chemistry,1355,chemistry
9,equilibrium,1325,chemistry
10,quantum chemistry,1200,chemistry
11,redox,1187,chemistry
13,aqueous solution,978,chemistry
14,computational chemistry,948,chemistry
15,nomenclature,932,chemistry
16,water,908,chemistry
17,kinetics,872,chemistry
18,solubility,845,chemistry
20,analytical chemistry,822,chemistry
21,solutions,787,chemistry
22,aromatic compounds,745,chemistry
23,ph,731,chemistry
24,coordination compounds,658,chemistry
25,stereochemistry,649,chemistry
26,synthesis,640,chemistry
28,gas laws,613,chemistry
29,spectroscopy,602,chemistry
30,molecular orbital theory,589,chemistry
31,concentration,587,chemistry
32,carbonyl compounds,581,chemistry
33,molecular structure,576,chemistry
34,stoichiometry,571,chemistry
36,ions,552,chemistry
37,home experiment,537,chemistry
39,orbitals,497,chemistry
40,theoretical chemistry,496,chemistry
41,metal,481,chemistry
42,electronic configuration,461,chemistry
43,crystal structure,458,chemistry
44,polymers,455,chemistry
46,alcohols,449,chemistry
47,transition metals,446,chemistry
48,enthalpy,440,chemistry
49,halides,440,chemistry
1,visualforce,15827,salesforce
2,marketing cloud,9890,salesforce
3,lightning aura components,8594,salesforce
5,lightning,5953,salesforce
6,soql,4838,salesforce
8,unit test,4017,salesforce
9,lightning web components,3519,salesforce
10,community,3491,salesforce
11,rest api,2771,salesforce
12,ampscript,2420,salesforce
15,salesforcedx,1835,salesforce
16,lightning experience,1729,salesforce
17,managed package,1665,salesforce
18,batch,1621,salesforce
20,formula,1371,salesforce
21,process builder,1367,salesforce
25,custom object,1315,salesforce
26,visual workflow,1299,salesforce
27,journeybuilder,1291,salesforce
28,soap api,1278,salesforce
29,controller,1271,salesforce
32,dataextensions,1156,salesforce
34,email template,1072,salesforce
35,visualforce component,1068,salesforce
36,code coverage,1002,salesforce
37,metadata api,995,salesforce
38,callout,985,salesforce
39,custom button,982,salesforce
40,case,969,salesforce
41,formula field,940,salesforce
43,opportunity,926,salesforce
44,picklist,911,salesforce
45,chatter,889,salesforce
46,lookup,888,salesforce
47,lightning apps,866,salesforce
0,expresso store,973,expressionengine
2,channel entries,737,expressionengine
3,cartthrob,568,expressionengine
6,solspace freeform,526,expressionengine
7,solspace,496,expressionengine
9,assets,423,expressionengine
10,stash,408,expressionengine
11,members,404,expressionengine
12,safecracker,402,expressionengine
13,playa,397,expressionengine
14,add on,389,expressionengine
15,control panel,321,expressionengine
16,conditionals,310,expressionengine
17,relationships,309,expressionengine
18,pixelandtonic,289,expressionengine
19,wygwam,284,expressionengine
20,channel,271,expressionengine
21,file uploads,267,expressionengine
25,multi site manager,247,expressionengine
27,structure,232,expressionengine
28,add on development,231,expressionengine
29,low search,224,expressionengine
30,custom fields,218,expressionengine
31,grid,218,expressionengine
37,plugin,178,expressionengine
38,solspace calendar,174,expressionengine
40,devdemon,158,expressionengine
43,zoo visitor,138,expressionengine
46,extension,133,expressionengine
47,fieldtype,126,expressionengine
48,entries,125,expressionengine
49,solspace user,124,expressionengine
0,recycling,184,sustainability
1,solar power,147,sustainability
3,environmental impact,114,sustainability
4,energy efficiency,110,sustainability
5,waste,106,sustainability
6,home,102,sustainability
9,composting,94,sustainability
11,plastic,90,sustainability
12,heating,90,sustainability
13,carbon footprint,78,sustainability
14,reuse,66,sustainability
15,renewables,64,sustainability
16,transport,60,sustainability
17,electricity generation,59,sustainability
18,gardening,56,sustainability
19,pollution,49,sustainability
20,diy,47,sustainability
21,cars,44,sustainability
22,wind power,43,sustainability
23,life cycle analysis,43,sustainability
24,ecological footprint,42,sustainability
25,paper,40,sustainability
26,greenhouse gas emissions,39,sustainability
27,photovoltaics,38,sustainability
28,alternatives,38,sustainability
30,cooling,32,sustainability
31,defining sustainability,31,sustainability
32,packaging,31,sustainability
33,fuel efficiency,31,sustainability
34,water management,30,sustainability
35,water heating,29,sustainability
36,building materials,28,sustainability
37,plants,28,sustainability
38,permaculture,28,sustainability
39,light,27,sustainability
40,city living,27,sustainability
41,animals,25,sustainability
42,pest management,25,sustainability
43,waste minimisation,25,sustainability
44,cooking,23,sustainability
45,biodegradable waste,23,sustainability
46,cleaning,23,sustainability
47,aquaponics,23,sustainability
48,economy,22,sustainability
49,vermicomposting,22,sustainability
0,ida,1626,reverseengineering
1,disassembly,1014,reverseengineering
5,binary analysis,442,reverseengineering
6,ollydbg,413,reverseengineering
8,decompilation,353,reverseengineering
9,firmware,347,reverseengineering
15,idapython,268,reverseengineering
18,gdb,225,reverseengineering
19,elf,195,reverseengineering
20,pe,194,reverseengineering
22,file format,189,reverseengineering
23,static analysis,179,reverseengineering
28,unpacking,157,reverseengineering
31,decryption,151,reverseengineering
32,ghidra,149,reverseengineering
33,windbg,142,reverseengineering
34,obfuscation,137,reverseengineering
37,anti debugging,126,reverseengineering
38,deobfuscation,123,reverseengineering
39,dynamic analysis,115,reverseengineering
40,binary,108,reverseengineering
42,executable,105,reverseengineering
43,disassemblers,103,reverseengineering
44,patching,100,reverseengineering
45,embedded,98,reverseengineering
46,hexrays,98,reverseengineering
47,idapro plugins,90,reverseengineering
49,patch reversing,86,reverseengineering
0,cisco,3371,networkengineering
2,switch,1684,networkengineering
4,vlan,1073,networkengineering
5,ip,829,networkengineering
7,ethernet,753,networkengineering
9,cisco asa,600,networkengineering
13,nat,548,networkengineering
14,bgp,546,networkengineering
15,subnet,538,networkengineering
17,cisco ios,522,networkengineering
18,juniper,418,networkengineering
19,protocol theory,409,networkengineering
20,switching,407,networkengineering
22,dhcp,389,networkengineering
23,mac address,374,networkengineering
24,ospf,372,networkengineering
26,ip address,361,networkengineering
28,cisco catalyst,303,networkengineering
30,arp,298,networkengineering
31,internet,287,networkengineering
33,spanning tree,284,networkengineering
35,lan,264,networkengineering
36,juniper junos,260,networkengineering
37,ipsec,258,networkengineering
39,wireshark,251,networkengineering
40,ping,237,networkengineering
41,packet tracer,224,networkengineering
42,cable,220,networkengineering
43,qos,219,networkengineering
44,acl,201,networkengineering
45,fiber,199,networkengineering
46,multicast,195,networkengineering
47,cisco commands,194,networkengineering
48,snmp,189,networkengineering
49,bandwidth,183,networkengineering
0,ag.algebraic geometry,17007,mathoverflow.net
1,nt.number theory,12199,mathoverflow.net
4,dg.differential geometry,6745,mathoverflow.net
5,fa.functional analysis,6651,mathoverflow.net
6,at.algebraic topology,6494,mathoverflow.net
8,gr.group theory,6283,mathoverflow.net
9,rt.representation theory,5310,mathoverflow.net
10,ct.category theory,4765,mathoverflow.net
12,ac.commutative algebra,4219,mathoverflow.net
14,set theory,3940,mathoverflow.net
16,gn.general topology,3407,mathoverflow.net
18,gt.geometric topology,3103,mathoverflow.net
19,ap.analysis of pdes,2925,mathoverflow.net
20,mg.metric geometry,2813,mathoverflow.net
21,ca.classical analysis and odes,2500,mathoverflow.net
23,cv.complex variables,2356,mathoverflow.net
24,ra.rings and algebras,2347,mathoverflow.net
25,complex geometry,2347,mathoverflow.net
26,homotopy theory,2232,mathoverflow.net
27,lie groups,2220,mathoverflow.net
28,riemannian geometry,2130,mathoverflow.net
30,analytic number theory,2045,mathoverflow.net
31,homological algebra,2028,mathoverflow.net
34,ds.dynamical systems,1838,mathoverflow.net
35,finite groups,1772,mathoverflow.net
36,lie algebras,1708,mathoverflow.net
37,mp.mathematical physics,1658,mathoverflow.net
38,algebraic groups,1652,mathoverflow.net
40,oa.operator algebras,1587,mathoverflow.net
42,arithmetic geometry,1523,mathoverflow.net
43,algebraic number theory,1508,mathoverflow.net
44,st.statistics,1408,mathoverflow.net
46,differential topology,1288,mathoverflow.net
49,sg.symplectic geometry,1186,mathoverflow.net
0,orbital mechanics,1292,space
1,spacex,1146,space
2,mars,1037,space
3,rockets,926,space
4,launch,897,space
5,iss,850,space
6,artificial satellite,677,space
7,the moon,657,space
8,nasa,613,space
9,apollo program,603,space
10,crewed spaceflight,519,space
12,orbit,476,space
13,propulsion,446,space
14,space shuttle,437,space
15,spacecraft,433,space
17,reentry,332,space
18,engines,331,space
19,fuel,324,space
20,low earth orbit,301,space
21,landing,298,space
23,engine design,288,space
24,orbital maneuver,274,space
26,atmosphere,261,space
28,probe,241,space
30,planetary science,230,space
31,astronauts,226,space
32,colonization,224,space
33,identify this object,212,space
34,trajectory,208,space
35,rovers,203,space
36,attitude,195,space
38,cubesat,183,space
39,falcon heavy,181,space
40,debris,180,space
41,spacesuits,176,space
42,asteroid,172,space
43,radiation,172,space
44,interstellar travel,164,space
45,interplanetary,164,space
46,communication satellite,156,space
47,soyuz spacecraft,156,space
0,star,806,astronomy
1,the sun,639,astronomy
2,observational astronomy,618,astronomy
3,black hole,582,astronomy
6,planet,549,astronomy
7,galaxy,501,astronomy
8,solar system,481,astronomy
9,telescope,456,astronomy
11,earth,433,astronomy
12,astrophysics,389,astronomy
13,amateur observing,362,astronomy
15,exoplanet,326,astronomy
16,universe,297,astronomy
18,asteroids,239,astronomy
19,distances,221,astronomy
20,radio astronomy,207,astronomy
21,milky way,192,astronomy
22,photography,191,astronomy
23,space time,179,astronomy
24,coordinate,177,astronomy
25,supernova,172,astronomy
31,jupiter,159,astronomy
33,natural satellites,156,astronomy
34,expansion,156,astronomy
35,comets,154,astronomy
36,space,154,astronomy
37,fundamental astronomy,152,astronomy
38,big bang theory,151,astronomy
40,redshift,142,astronomy
41,data analysis,140,astronomy
42,gravitational waves,130,astronomy
43,stellar evolution,129,astronomy
44,supermassive black hole,129,astronomy
45,solar eclipse,125,astronomy
46,dark matter,121,astronomy
48,binary star,114,astronomy
0,arduino uno,7393,arduino
1,serial,1908,arduino
3,arduino mega,1643,arduino
5,arduino ide,1323,arduino
6,sensors,1102,arduino
7,arduino nano,1011,arduino
15,nodemcu,503,arduino
16,lcd,498,arduino
17,interrupt,494,arduino
19,servo,458,arduino
20,library,454,arduino
21,pins,424,arduino
23,arduino due,412,arduino
25,softwareserial,407,arduino
26,spi,403,arduino
29,timers,382,arduino
31,gsm,374,arduino
32,shields,351,arduino
33,sd card,336,arduino
34,arduino leonardo,310,arduino
35,adafruit,308,arduino
37,analogread,302,arduino
40,bootloader,275,arduino
42,attiny,261,arduino
43,voltage level,260,arduino
44,arduino pro mini,258,arduino
49,uploading,236,arduino
11,dataset,1091,datascience
15,cnn,1015,datascience
17,predictive modeling,928,datascience
18,lstm,845,datascience
23,image classification,567,datascience
24,decision trees,530,datascience
25,linear regression,530,datascience
26,visualization,518,datascience
27,data cleaning,517,datascience
28,text mining,509,datascience
29,xgboost,491,datascience
31,logistic regression,481,datascience
32,rnn,473,datascience
33,convnet,464,datascience
36,machine learning model,438,datascience
37,bigdata,431,datascience
38,training,418,datascience
40,feature engineering,406,datascience
41,loss function,366,datascience
42,data science model,359,datascience
43,multiclass classification,348,datascience
44,unsupervised learning,347,datascience
45,recommender system,344,datascience
48,k means,338,datascience
49,preprocessing,335,datascience
1,raytracing,333,computergraphics
4,shader,207,computergraphics
5,texture,194,computergraphics
7,pathtracing,169,computergraphics
8,transformations,167,computergraphics
15,mesh,120,computergraphics
17,brdf,112,computergraphics
18,gpu,111,computergraphics
20,projections,83,computergraphics
21,physically based,72,computergraphics
23,global illumination,66,computergraphics
24,pbr,64,computergraphics
26,vulkan,60,computergraphics
28,real time,56,computergraphics
29,shading,55,computergraphics
31,perspective,51,computergraphics
35,shadow,45,computergraphics
37,compute shader,45,computergraphics
39,rasterizer,43,computergraphics
40,vector graphics,42,computergraphics
41,uv mapping,41,computergraphics
45,antialiasing,39,computergraphics
48,fragment shader,36,computergraphics
49,importance sampling,35,computergraphics
1,go ethereum,5118,ethereum
3,contract development,3247,ethereum
4,truffle,2201,ethereum
7,remix,1689,ethereum
8,contract design,1642,ethereum
10,ether,1373,ethereum
12,contract deployment,1042,ethereum
13,metamask,1005,ethereum
14,private blockchain,982,ethereum
15,gas,959,ethereum
16,mining,956,ethereum
17,wallets,930,ethereum
18,contract invocation,844,ethereum
19,parity,773,ethereum
20,dapps,712,ethereum
21,ethereum wallet dapp,705,ethereum
22,mist,672,ethereum
24,dapp development,622,ethereum
25,etherscan,566,ethereum
27,addresses,549,ethereum
29,evm,514,ethereum
32,contract debugging,486,ethereum
34,accounts,452,ethereum
35,testrpc,432,ethereum
36,myetherwallet,431,ethereum
37,testnets,414,ethereum
38,ethereumjs,405,ethereum
39,ropsten,404,ethereum
40,storage,403,ethereum
43,ganache,359,ethereum
45,truffle migration,352,ethereum
46,infura,323,ethereum
4,convolutional neural networks,802,ai
8,ai design,313,ai
10,comparison,293,ai
13,q learning,258,ai
14,image recognition,246,ai
16,recurrent neural networks,230,ai
17,long short term memory,208,ai
18,philosophy,202,ai
19,game ai,195,ai
20,datasets,195,ai
22,dqn,184,ai
23,deep rl,175,ai
25,backpropagation,165,ai
28,agi,147,ai
29,definitions,136,ai
30,genetic algorithms,135,ai
31,loss functions,134,ai
32,applications,133,ai
34,deep neural networks,129,ai
36,gradient descent,115,ai
37,papers,112,ai
38,research,111,ai
39,policy gradients,108,ai
40,object detection,106,ai
41,generative adversarial networks,103,ai
42,object recognition,98,ai
43,prediction,93,ai
44,theory,91,ai
45,markov decision process,90,ai
46,models,88,ai
48,ai basics,87,ai
49,rewards,85,ai
0,smart home,234,iot
1,mqtt,229,iot
4,alexa,117,iot
10,amazon echo,84,iot
11,google home,81,iot
18,protocols,58,iot
19,lora,57,iot
20,mosquitto,54,iot
22,zigbee,52,iot
23,google assistant,45,iot
24,lorawan,42,iot
25,bluetooth low energy,40,iot
26,samsung smartthings,40,iot
27,smart plugs,36,iot
29,data transfer,33,iot
30,power consumption,32,iot
34,system architecture,27,iot
35,philips hue,26,iot
36,smart lights,25,iot
38,ifttt,23,iot
39,mobile data,23,iot
40,zwave,22,iot
41,home assistant,22,iot
42,microsoft windows iot,21,iot
43,standards,21,iot
44,digital cameras,20,iot
47,gps,19,iot
5,jenkins pipeline,203,devops
10,containers,139,devops
14,gitlab,119,devops
16,jenkins plugins,106,devops
18,continuous deployment,96,devops
20,dockerfile,85,devops
21,culture,84,devops
25,monitoring,78,devops
26,cicd,63,devops
27,azure pipelines,62,devops
29,configuration management,61,devops
31,jenkinsfile,60,devops
37,gitlab ci runner,51,devops
39,continuous delivery,48,devops
40,amazon ecs,47,devops
41,cloud,47,devops
42,docker swarm,47,devops
43,build pipeline,46,devops
45,prometheus,44,devops
46,bitbucket,43,devops
48,yaml,42,devops
0,quantum gate,650,quantumcomputing
2,quantum state,554,quantumcomputing
3,qiskit,543,quantumcomputing
6,circuit construction,313,quantumcomputing
7,entanglement,301,quantumcomputing
8,ibm q experience,290,quantumcomputing
11,error correction,184,quantumcomputing
13,grovers algorithm,140,quantumcomputing
14,simulation,129,quantumcomputing
15,physical realization,125,quantumcomputing
16,quantum operation,120,quantumcomputing
18,nielsen and chuang,111,quantumcomputing
19,density matrix,108,quantumcomputing
20,q#,106,quantumcomputing
21,gate synthesis,103,quantumcomputing
22,physical qubit,86,quantumcomputing
24,textbook and exercises,80,quantumcomputing
25,classical computing,76,quantumcomputing
26,matrix representation,74,quantumcomputing
27,hamiltonian simulation,73,quantumcomputing
31,bloch sphere,65,quantumcomputing
32,cirq,64,quantumcomputing
33,shors algorithm,63,quantumcomputing
34,quantum fourier transform,62,quantumcomputing
35,pauli gates,61,quantumcomputing
36,hhl algorithm,61,quantumcomputing
37,teleportation,61,quantumcomputing
38,speedup,58,quantumcomputing
39,tensor product,55,quantumcomputing
40,unitarity,50,quantumcomputing
43,superposition,48,quantumcomputing
44,universal gates,46,quantumcomputing
45,deutsch jozsa algorithm,45,quantumcomputing
46,stabilizer code,44,quantumcomputing
47,d wave,44,quantumcomputing
48,experiment,42,quantumcomputing
49,decoherence,42,quantumcomputing
1,mixed integer programming,271,or
5,integer programming,95,or
6,cplex,88,or
7,solver,86,or
9,linearization,75,or
10,constraint,71,or
11,combinatorial optimization,69,or
12,nonlinear programming,62,or
13,constraint programming,61,or
15,vehicle routing,43,or
16,gurobi,42,or
18,binary variable,41,or
19,or tools,39,or
20,pyomo,36,or
21,convexity,35,or
22,logical constraints,35,or
23,computational complexity,31,or
25,convex optimization,30,or
26,column generation,29,or
27,big m,28,or
28,simplex,28,or
29,nonconvex programming,27,or
30,quadratic programming,27,or
31,inventory,27,or
33,duality,23,or
35,traveling salesman,20,or
36,heuristics,20,or
37,stochastic programming,20,or
39,metaheuristics,19,or
40,online resources,18,or
41,indicator constraints,17,or
42,branch and bound,16,or
43,network flow,16,or
44,pulp,16,or
45,benders decomposition,16,or
48,docplex,15,or
49,knapsack,14,or
0,density functional theory,213,mattermodeling
2,molecular dynamics,73,mattermodeling
3,vasp,68,mattermodeling
5,electronic structure,44,mattermodeling
6,one topic per answer,41,mattermodeling
7,molecular modeling,40,mattermodeling
8,ab initio calculations,40,mattermodeling
9,band structure,35,mattermodeling
10,high performance computing,29,mattermodeling
15,quantum espresso,24,mattermodeling
16,phonons,22,mattermodeling
17,basis sets,21,mattermodeling
18,lammps,21,mattermodeling
19,software recommendations,19,mattermodeling
21,magnetism,16,mattermodeling
22,mathematical modeling,16,mattermodeling
24,model hamiltonians,15,mattermodeling
25,surfaces,15,mattermodeling
26,quantum monte carlo,15,mattermodeling
27,pseudopotentials,15,mattermodeling
29,k points,14,mattermodeling
30,vibrations,14,mattermodeling
31,symmetry,14,mattermodeling
32,visualization software,14,mattermodeling
33,td dft,14,mattermodeling
34,hartree fock,12,mattermodeling
36,functional,12,mattermodeling
37,q chem,12,mattermodeling
38,self consistent field,12,mattermodeling
39,convergence test,11,mattermodeling
40,from chem se,11,mattermodeling
41,from phys se,11,mattermodeling
43,statistical thermodynamics,10,mattermodeling
44,numerical convergence,10,mattermodeling
45,coupled cluster,10,mattermodeling
47,crystallography,10,mattermodeling
48,space groups,10,mattermodeling
